detailedOccupations,SOC4,year,project_count,median_wage,mean_wage,median_numApplicants,mean_numApplicants
Management Analysts,13-1111,01/01/2013,3458,10,13.84414455,5,12.28751641
Management Analysts,13-1111,01/01/2014,128,11.109945,16.96149715,7.071428571,10.67949303
Management Analysts,13-1111,01/01/2015,204,13,20.6114509,10,15.46291971
Management Analysts,13-1111,01/01/2016,349,12.03431,18.43379778,1,2.16493951
Management Analysts,13-1111,01/01/2017,764,15.00395,33.56858292,1,4.900839878
Management Analysts,13-1111,01/01/2018,905,15.67143,77.39551853,5,8.265378409
Management Analysts,13-1111,01/01/2019,935,15.98638,23.99612484,5,8.103399542
Management Analysts,13-1111,01/01/2020,462,21.28702,29.56331058,5,8.014285949
Market Research Analysts and Marketing Specialists,13-1161,01/01/2013,16270,3,5.249741278,10,22.29092978
Market Research Analysts and Marketing Specialists,13-1161,01/01/2014,1649,3.99995,6.861658914,10,14.74122864
Market Research Analysts and Marketing Specialists,13-1161,01/01/2015,2786,4.4850775,8.799261572,10,15.17242698
Market Research Analysts and Marketing Specialists,13-1161,01/01/2016,3466,5.9773195,13.07369946,1,1.943942503
Market Research Analysts and Marketing Specialists,13-1161,01/01/2017,5866,6.9967405,14.78891575,1,4.01600364
Market Research Analysts and Marketing Specialists,13-1161,01/01/2018,4856,8.498637,16.54297734,4.5,8.129512106
Market Research Analysts and Marketing Specialists,13-1161,01/01/2019,7144,7.478229,15.25495286,4.5,7.671394596
Market Research Analysts and Marketing Specialists,13-1161,01/01/2020,3685,8.022556,16.93638903,5,8.645234733
Accountants and Auditors,13-2011,01/01/2013,2016,6.67,10.6700343,7.5,19.32417221
Accountants and Auditors,13-2011,01/01/2014,751,7.22,12.95800115,8,14.07220121
Accountants and Auditors,13-2011,01/01/2015,941,9.999474,17.76456745,10.5,16.17043436
Accountants and Auditors,13-2011,01/01/2016,975,10.012,18.15739608,1,3.181042735
Accountants and Auditors,13-2011,01/01/2017,1724,12,20.91356299,4,10.17666487
Accountants and Auditors,13-2011,01/01/2018,1298,10.04991,22.09766587,10.16666667,16.75364939
Accountants and Auditors,13-2011,01/01/2019,1543,9.97925,15.73062133,9.5,15.17362281
Accountants and Auditors,13-2011,01/01/2020,965,10.02814,17.6981324,10,15.10514607
Financial Analysts,13-2061,01/01/2013,352,11.11,16.85153273,6.6,12.68063447
Financial Analysts,13-2061,01/01/2014,55,16.63455,23.84365162,10,15.46883117
Financial Analysts,13-2061,01/01/2015,69,20,23.80714145,11.5,15.3647343
Financial Analysts,13-2061,01/01/2016,108,30,38.36654556,1,5.140432099
Financial Analysts,13-2061,01/01/2017,191,25.65737,33.96648012,5,9.022251309
Financial Analysts,13-2061,01/01/2018,158,26.668105,37.27294744,8.5,13.34166667
Financial Analysts,13-2061,01/01/2019,343,27.18,39.93363957,7,9.593238928
Financial Analysts,13-2061,01/01/2020,201,30,48.09111153,8,11.19521117
Information Security Analysts,15-1212,01/01/2015,69,18,28.45638287,11.5,13.51062802
Information Security Analysts,15-1212,01/01/2016,76,23.87021,31.99367764,1,1.776973684
Information Security Analysts,15-1212,01/01/2017,148,25,31.41410286,1,4.970720721
Information Security Analysts,15-1212,01/01/2018,186,25.32578,33.48276749,7,9.112724014
Information Security Analysts,15-1212,01/01/2019,193,29.86111,39.88638035,5,7.620034542
Information Security Analysts,15-1212,01/01/2020,119,30,40.6690645,5,8.259103641
Computer Programmers,15-1251,01/01/2013,9446,16.67,18.38731812,3.6,8.896489264
Computer Programmers,15-1251,01/01/2014,1895,15,26.9896997,8,13.7269565
Computer Programmers,15-1251,01/01/2015,2015,15.5599,23.4088701,9,13.67443812
Computer Programmers,15-1251,01/01/2016,1739,19.9453,24.81285799,1,2.404051913
Computer Programmers,15-1251,01/01/2017,2776,20.21212,33.67359215,2,5.879655455
Computer Programmers,15-1251,01/01/2018,2065,24.50427,28.15647815,6,10.1416642
Computer Programmers,15-1251,01/01/2019,1912,21.85003,27.97225553,6,9.888431133
Computer Programmers,15-1251,01/01/2020,743,25,34.56064985,6,9.068034955
"Software Developers, Applications",15-1256,01/01/2013,1825,7.89,9.458301671,4.2,18.69029675
"Software Developers, Applications",15-1256,01/01/2014,195,8.88973,11.89631552,11,17.03610534
"Software Developers, Applications",15-1256,01/01/2015,386,9.064049,15.40457254,10,17.29322294
"Software Developers, Applications",15-1256,01/01/2016,492,9.990651,33.80570802,1,2.301956822
"Software Developers, Applications",15-1256,01/01/2017,859,10,15.68087004,1,13.79615892
"Software Developers, Applications",15-1256,01/01/2018,785,10.59004,14.60583225,10.75,25.61499158
"Software Developers, Applications",15-1256,01/01/2019,721,12,16.51165934,8.125,22.04637433
"Software Developers, Applications",15-1256,01/01/2020,364,11.92012,21.28157653,7.5,19.43561187
Web Developers,15-1257,01/01/2013,80675,11.11,13.34518409,7,Inf
Web Developers,15-1257,01/01/2014,7770,11.11091,18.52440745,14,19.16344224
Web Developers,15-1257,01/01/2015,11504,12,24.74520354,13,18.31141141
Web Developers,15-1257,01/01/2016,9611,14.70588,18.39254872,1,2.705431319
Web Developers,15-1257,01/01/2017,16138,15,21.90369057,3,8.33477923
Web Developers,15-1257,01/01/2018,17261,15.21739,20.90686815,10,15.42849274
Web Developers,15-1257,01/01/2019,17759,15.06579,20.88908327,11,17.1600401
Web Developers,15-1257,01/01/2020,9333,16.33803,21.78822054,11,16.55629472
Database Administrators,15-1245,01/01/2013,721,16.67,18.22238367,8,13.23934846
Database Administrators,15-1245,01/01/2014,90,17.00002,21.76755869,9,12.95343915
Database Administrators,15-1245,01/01/2015,165,15,19.27249045,12,14.38515152
Database Administrators,15-1245,01/01/2016,267,18.69939,25.12391599,1,2.15855181
Database Administrators,15-1245,01/01/2017,454,20,26.52995856,3,7.354845815
Database Administrators,15-1245,01/01/2018,543,18.75,26.07619616,7.5,11.80665814
Database Administrators,15-1245,01/01/2019,402,20,26.9565304,7,10.80781822
Database Administrators,15-1245,01/01/2020,155,25.01091,34.05397566,8,10.59562212
Network and Computer Systems Administrators,15-1244,01/01/2013,3037,16.67,19.41901578,6,12.0997484
Network and Computer Systems Administrators,15-1244,01/01/2014,402,20.00006,23.11743877,11.5,14.83623549
Network and Computer Systems Administrators,15-1244,01/01/2015,649,20,30.86724685,10,14.06872111
Network and Computer Systems Administrators,15-1244,01/01/2016,797,24.99077,28.97354623,1,2.723734839
Network and Computer Systems Administrators,15-1244,01/01/2017,1285,25.04372,32.68613799,3.666666667,7.131784942
Network and Computer Systems Administrators,15-1244,01/01/2018,1867,24.97004,31.45169277,7.5,10.64411393
Network and Computer Systems Administrators,15-1244,01/01/2019,1369,25,32.69171536,6,9.053627952
Network and Computer Systems Administrators,15-1244,01/01/2020,719,25.04167,36.17824434,6,9.071279555
Computer User Support Specialists,15-1232,01/01/2013,1037,4.44,6.099720781,9.5,20.50361726
Computer User Support Specialists,15-1232,01/01/2014,36,8.390014,12.06561969,11,15.20767196
Computer User Support Specialists,15-1232,01/01/2015,72,6.671005,11.90119825,7,13.45851434
Computer User Support Specialists,15-1232,01/01/2016,114,6.829012,9.986788368,1,1.575626566
Computer User Support Specialists,15-1232,01/01/2017,177,8.752,13.11162381,2.75,8.78590261
Computer User Support Specialists,15-1232,01/01/2018,125,8.007389,12.39865626,6,11.68565614
Computer User Support Specialists,15-1232,01/01/2019,295,12.0075,17.43313558,4.5,9.408661188
Computer User Support Specialists,15-1232,01/01/2020,193,11.72727,21.12316188,5,9.094041451
Computer Network Support Specialists,15-1231,01/01/2013,1086,15,17.2822651,4,8.198595033
Computer Network Support Specialists,15-1231,01/01/2014,151,16.67014,17.89511134,8,10.92202277
Computer Network Support Specialists,15-1231,01/01/2015,447,15,25.44761354,9,12.29826089
Computer Network Support Specialists,15-1231,01/01/2016,439,18.73297,23.31159767,1,2.685269552
Computer Network Support Specialists,15-1231,01/01/2017,619,20,28.04713734,1,4.615630048
Computer Network Support Specialists,15-1231,01/01/2018,311,20,26.63467064,5,7.74153269
Computer Network Support Specialists,15-1231,01/01/2019,766,25,33.55187678,5.5,8.284175681
Computer Network Support Specialists,15-1231,01/01/2020,442,30,39.39569238,7,10.75773002
"Computer Occupations, All Other",15-1299,01/01/2013,52566,6,10.46615462,7,Inf
"Computer Occupations, All Other",15-1299,01/01/2014,4450,7.78,12.51611617,14,19.88056283
"Computer Occupations, All Other",15-1299,01/01/2015,7718,8.4997055,14.75377878,13,18.28676711
"Computer Occupations, All Other",15-1299,01/01/2016,8923,9.199557,15.49398184,1,2.35479494
"Computer Occupations, All Other",15-1299,01/01/2017,17260,9.9290425,15.98692043,2,5.98272898
"Computer Occupations, All Other",15-1299,01/01/2018,17524,8.75,15.29105774,7,11.16071069
"Computer Occupations, All Other",15-1299,01/01/2019,19724,9,16.68018995,7,12.2409877
"Computer Occupations, All Other",15-1299,01/01/2020,9787,9.996328,16.93050116,8,12.53168087
"Data scientists and mathematical science occupations, all other",15-2098,01/01/2013,670,11.11,15.72974906,7,13.20372779
"Data scientists and mathematical science occupations, all other",15-2098,01/01/2014,120,16.67006,22.46705866,8,13.1167735
"Data scientists and mathematical science occupations, all other",15-2098,01/01/2015,182,20,24.58589981,8.75,12.76570362
"Data scientists and mathematical science occupations, all other",15-2098,01/01/2016,211,29.49975,32.58214217,1,1.790679305
"Data scientists and mathematical science occupations, all other",15-2098,01/01/2017,506,30,37.07475154,1,4.472545989
"Data scientists and mathematical science occupations, all other",15-2098,01/01/2018,806,23.90787,29.54765164,6,9.107053744
"Data scientists and mathematical science occupations, all other",15-2098,01/01/2019,984,25,33.48341638,6,8.820780921
"Data scientists and mathematical science occupations, all other",15-2098,01/01/2020,548,25.575165,34.64264988,7,9.779056072
Chemical Engineers,17-2041,01/01/2016,24,24.160365,23.79176821,0.416666667,0.631944444
Chemical Engineers,17-2041,01/01/2017,30,15.75,25.3025747,2.333333333,3.811111111
Chemical Engineers,17-2041,01/01/2018,30,26.380385,43.00405567,4.583333333,5.966666667
Chemical Engineers,17-2041,01/01/2019,80,25.52459,38.48200608,4,5.508035714
Chemical Engineers,17-2041,01/01/2020,23,39.8174,40.74581217,5,5.326086957
Industrial Engineers,17-2112,01/01/2016,9,17.03688,18.32195356,1,0.944444444
Industrial Engineers,17-2112,01/01/2017,10,27.464615,40.096349,1,1.733333333
Industrial Engineers,17-2112,01/01/2018,12,25.02186,27.48737775,3.5,5.75
Industrial Engineers,17-2112,01/01/2019,251,18,20.15973905,4,5.507171315
Industrial Engineers,17-2112,01/01/2020,263,19.98765,23.33389629,4,5.774585206
"Engineers, All Other",17-2199,01/01/2019,18,27.461055,30.22128083,1.166666667,2.476851852
"Engineers, All Other",17-2199,01/01/2020,41,24,25.50360266,5,7.823170732
Architectural and Civil Drafters,17-3011,01/01/2015,107,13.33,14.03392835,10,15.54158879
Architectural and Civil Drafters,17-3011,01/01/2016,137,15,16.52598744,1,2.982603406
Architectural and Civil Drafters,17-3011,01/01/2017,332,15,16.45249608,5,8.62123494
Architectural and Civil Drafters,17-3011,01/01/2018,571,15.76783,17.90494353,8,13.37667834
Architectural and Civil Drafters,17-3011,01/01/2019,411,16,21.12157928,9,13.93256285
Architectural and Civil Drafters,17-3011,01/01/2020,181,17.8,20.21295578,9,13.14548803
Electrical and Electronics Drafters,17-3012,01/01/2013,3539,11.11,13.02807276,8,15.61935923
Electrical and Electronics Drafters,17-3012,01/01/2014,621,12.99966,15.65060714,9.25,15.26142498
Electrical and Electronics Drafters,17-3012,01/01/2015,722,15,17.79146964,10,14.89556925
Electrical and Electronics Drafters,17-3012,01/01/2016,515,15,20.08260148,1,3.550284327
Electrical and Electronics Drafters,17-3012,01/01/2017,1099,16.58333,21.70763496,3,7.73733461
Electrical and Electronics Drafters,17-3012,01/01/2018,821,18,21.49737173,9,13.84357741
Electrical and Electronics Drafters,17-3012,01/01/2019,1264,18.750625,21.27581817,8,12.75326525
Electrical and Electronics Drafters,17-3012,01/01/2020,723,20,23.21093134,8,12.67045872
Mechanical Drafters,17-3013,01/01/2015,59,12.5,16.91199061,8,11.83757062
Mechanical Drafters,17-3013,01/01/2016,79,17.405,24.07782158,1,1.925316456
Mechanical Drafters,17-3013,01/01/2017,139,17.62566,75.61307914,3.5,5.758992806
Mechanical Drafters,17-3013,01/01/2018,243,19.58312,22.48216614,8.333333333,12.69382716
Mechanical Drafters,17-3013,01/01/2019,205,20,24.36937922,6,9.641788618
Mechanical Drafters,17-3013,01/01/2020,106,25,34.32317651,6.5,11.20990566
"Drafters, All Other",17-3019,01/01/2013,783,11.11,12.90519796,6,10.41214347
"Drafters, All Other",17-3019,01/01/2015,92,14.715265,16.50467343,7.75,10.37137681
"Drafters, All Other",17-3019,01/01/2016,83,15,21.06876316,1,1.755220884
"Drafters, All Other",17-3019,01/01/2017,237,16.02045,20.96308909,1,4.456329114
"Drafters, All Other",17-3019,01/01/2018,207,17.4725,22.36715855,5,8.055548236
"Drafters, All Other",17-3019,01/01/2019,301,19.99975,24.13371582,3.666666667,5.982392027
"Drafters, All Other",17-3019,01/01/2020,1,30,30,3,3
Civil Engineering Technicians,17-3022,01/01/2015,30,11.10971,14.3260355,8.75,11.98888889
Civil Engineering Technicians,17-3022,01/01/2016,55,14.16279,16.688399,1,2.964848485
Civil Engineering Technicians,17-3022,01/01/2017,109,15.15625,23.23258956,1.6,5.022018349
Civil Engineering Technicians,17-3022,01/01/2018,153,15.5922,142.1434299,8,8.624057315
Civil Engineering Technicians,17-3022,01/01/2019,253,17,20.74081589,6,8.913965744
Civil Engineering Technicians,17-3022,01/01/2020,155,17.92308,22.50407688,7,10.20860215
"Physical Scientists, All Other",19-2099,01/01/2019,73,18.5066,24.94436511,2.176470588,4.631479989
"Physical Scientists, All Other",19-2099,01/01/2020,125,20,29.20339316,4,6.636078431
Paralegals and Legal Assistants,23-2011,01/01/2013,885,22.22,38.10576271,5,7.440829679
Paralegals and Legal Assistants,23-2011,01/01/2015,79,50,57.81038354,7,7.978902954
Paralegals and Legal Assistants,23-2011,01/01/2016,210,39.729735,53.40166066,1,1.726587302
Paralegals and Legal Assistants,23-2011,01/01/2017,413,35.98759,53.69850738,1,3.604418886
Paralegals and Legal Assistants,23-2011,01/01/2018,367,35,48.41521987,4.5,5.93982743
Paralegals and Legal Assistants,23-2011,01/01/2019,442,35,51.32070984,3,5.153921569
Paralegals and Legal Assistants,23-2011,01/01/2020,318,40.007505,63.77265631,4,5.425484526
"Legal Support Workers, All Other",23-2099,01/01/2013,51,55.56,41.74896784,4.5,7.137254902
"Legal Support Workers, All Other",23-2099,01/01/2014,137,26.96078,46.62092632,5.666666667,8.163017032
"Legal Support Workers, All Other",23-2099,01/01/2015,92,22.22,36.51042826,5,9.043297101
"Legal Support Workers, All Other",23-2099,01/01/2016,117,25.01656,40.40012379,1,1.533842084
"Legal Support Workers, All Other",23-2099,01/01/2017,197,34.02778,42.69072634,1,2.565989848
"Legal Support Workers, All Other",23-2099,01/01/2018,208,25.01912,37.88623458,3.25,4.923477564
"Legal Support Workers, All Other",23-2099,01/01/2019,174,26.221465,42.86624237,2.75,4.248563218
"Legal Support Workers, All Other",23-2099,01/01/2020,93,45.03916,57.16178996,2,3.656810036
"Fine Artists, Including Painters, Sculptors, and Illustrators",27-1013,01/01/2013,4466,11.11,12.19873343,7,11.73836181
"Fine Artists, Including Painters, Sculptors, and Illustrators",27-1013,01/01/2014,415,12,14.712066,9.5,13.65400694
"Fine Artists, Including Painters, Sculptors, and Illustrators",27-1013,01/01/2015,624,13.33032,18.65572733,10,13.96160905
"Fine Artists, Including Painters, Sculptors, and Illustrators",27-1013,01/01/2016,653,15.00682,17.32684217,1,1.884182561
"Fine Artists, Including Painters, Sculptors, and Illustrators",27-1013,01/01/2017,1189,17.5,20.7175447,1.6,5.215514571
"Fine Artists, Including Painters, Sculptors, and Illustrators",27-1013,01/01/2018,1148,15.401795,19.30870789,6,9.337225263
"Fine Artists, Including Painters, Sculptors, and Illustrators",27-1013,01/01/2019,1146,18.01901,20.1211518,6,8.805782016
"Fine Artists, Including Painters, Sculptors, and Illustrators",27-1013,01/01/2020,594,19.935085,22.71027088,5.5,7.746397635
Multimedia Artists and Animators,27-1014,01/01/2013,1573,13,15.12354024,7.5,11.2610324
Multimedia Artists and Animators,27-1014,01/01/2014,129,16.6699,17.20218096,8.5,12.25516796
Multimedia Artists and Animators,27-1014,01/01/2015,272,15,18.7945639,11,13.35225549
Multimedia Artists and Animators,27-1014,01/01/2016,334,18.05343,22.3444192,1,1.976974622
Multimedia Artists and Animators,27-1014,01/01/2017,621,20,26.53401402,3,5.655060962
Multimedia Artists and Animators,27-1014,01/01/2018,646,20,23.19214557,7,9.498103101
Multimedia Artists and Animators,27-1014,01/01/2019,774,20,22.62294473,6,8.348040482
Multimedia Artists and Animators,27-1014,01/01/2020,315,24.915,26.95293284,6,8.106507937
Commercial and Industrial Designers,27-1021,01/01/2013,45,10.99846,12.67602669,7.666666667,9.688888889
Commercial and Industrial Designers,27-1021,01/01/2014,174,13.710445,15.49210725,10,12.18806787
Commercial and Industrial Designers,27-1021,01/01/2015,106,17.411895,20.43647186,9,12.20642408
Commercial and Industrial Designers,27-1021,01/01/2016,87,24.05952,27.01825574,1,2.331417625
Commercial and Industrial Designers,27-1021,01/01/2017,319,24.405,28.38912213,2,6.218525727
Commercial and Industrial Designers,27-1021,01/01/2018,623,20.49451,26.04400635,6,9.780312237
Commercial and Industrial Designers,27-1021,01/01/2019,805,19.99276,25.7294655,5.666666667,8.285952381
Commercial and Industrial Designers,27-1021,01/01/2020,337,27.2,36.06080147,5,7.449060336
Graphic Designers,27-1024,01/01/2013,24348,9,11.5029437,8,14.51952261
Graphic Designers,27-1024,01/01/2014,3467,11.11,15.70767714,12,16.25639849
Graphic Designers,27-1024,01/01/2015,4832,12,16.22441924,11,14.46111702
Graphic Designers,27-1024,01/01/2016,6016,15,18.56818374,1,1.95680049
Graphic Designers,27-1024,01/01/2017,10196,15.01155,20.04402341,2,5.313982602
Graphic Designers,27-1024,01/01/2018,10677,15,20.09834918,6.5,9.272529765
Graphic Designers,27-1024,01/01/2019,7788,15,19.9681434,6.291666667,9.449715304
Graphic Designers,27-1024,01/01/2020,3630,16.791465,21.78231735,7,10.07601247
Interior Designers,27-1025,01/01/2015,35,10.00017,12.31449,9,13.12142857
Interior Designers,27-1025,01/01/2016,43,16,18.57560347,1,4.668604651
Interior Designers,27-1025,01/01/2017,64,18.886495,19.57924406,5,9.67265625
Interior Designers,27-1025,01/01/2018,71,15,17.20288482,8,15.63732394
Interior Designers,27-1025,01/01/2019,168,17.045095,21.73017405,6,10.19486961
Interior Designers,27-1025,01/01/2020,79,20,21.30066519,8,11.17990757
Radio and Television Announcers,27-3011,01/01/2013,1497,25,31.42876285,5.666666667,9.803290649
Radio and Television Announcers,27-3011,01/01/2014,50,34.17,58.8432455,11,14.899
Radio and Television Announcers,27-3011,01/01/2015,73,43,146.5289188,6.5,11.35578387
Radio and Television Announcers,27-3011,01/01/2016,122,25,43.05213848,1,1.776775956
Radio and Television Announcers,27-3011,01/01/2017,247,25,37.93075626,3,6.444628471
Radio and Television Announcers,27-3011,01/01/2018,216,28.865695,40.81217396,7.333333333,10.68888889
Radio and Television Announcers,27-3011,01/01/2019,259,30.07519,45.59847509,7,10.47862659
Radio and Television Announcers,27-3011,01/01/2020,115,49.95368,51.36634176,7,8.618467909
Public Relations Specialists,27-3031,01/01/2013,456,10,14.9310386,5,7.207764202
Public Relations Specialists,27-3031,01/01/2014,44,11.25951,20.98922216,6.291666667,10.31387363
Public Relations Specialists,27-3031,01/01/2015,64,11.05505,22.84404364,9,10.46223958
Public Relations Specialists,27-3031,01/01/2016,95,18,24.92873589,1,2.630175439
Public Relations Specialists,27-3031,01/01/2017,167,20,26.58206136,1,2.101297405
Public Relations Specialists,27-3031,01/01/2018,246,14.89153,23.01432816,3,4.422425474
Public Relations Specialists,27-3031,01/01/2019,188,12,20.86739263,3,4.280490122
Public Relations Specialists,27-3031,01/01/2020,85,15,24.7149676,2.5,4.080672269
Editors,27-3041,01/01/2015,356,15,17.65327599,10,13.675596
Editors,27-3041,01/01/2016,810,15.99941,19.77786071,1,2.351983637
Editors,27-3041,01/01/2017,1270,17.9708,20.74567041,1.5,6.181007087
Editors,27-3041,01/01/2018,1108,17.473685,22.61840124,6,9.387859596
Editors,27-3041,01/01/2019,1353,19.54545,23.09937602,4.75,7.428055009
Editors,27-3041,01/01/2020,772,20.005225,26.06632951,6,8.440825789
Technical Writers,27-3042,01/01/2013,30635,8,10.4497156,5,Inf
Technical Writers,27-3042,01/01/2014,1161,8.890045,14.37179916,8,10.92131266
Technical Writers,27-3042,01/01/2015,2043,11.00016,19.61573375,8,10.91956677
Technical Writers,27-3042,01/01/2016,3432,14.00017,18.91350283,1,1.372858882
Technical Writers,27-3042,01/01/2017,5676,14.97006,20.42292542,1,2.854136168
Technical Writers,27-3042,01/01/2018,4904,15,22.93812774,3,5.274517834
Technical Writers,27-3042,01/01/2019,3305,15.72435,22.74380816,3,5.540091569
Technical Writers,27-3042,01/01/2020,379,25.125,35.96793405,3,4.832858464
Writers and Authors,27-3043,01/01/2013,7802,11.11,14.55989591,5,Inf
Writers and Authors,27-3043,01/01/2014,302,15,19.16061285,7,9.977275833
Writers and Authors,27-3043,01/01/2015,638,17.097895,23.76942802,7.5,9.562723097
Writers and Authors,27-3043,01/01/2016,1122,20,26.15998224,1,1.540086632
Writers and Authors,27-3043,01/01/2017,2046,22.677255,29.72829904,1,3.177131724
Writers and Authors,27-3043,01/01/2018,1727,20,28.74530054,3,4.814595693
Writers and Authors,27-3043,01/01/2019,2616,17.41414,26.39743792,3,4.7371167
Writers and Authors,27-3043,01/01/2020,2210,17.036145,25.5222901,3.666666667,5.58820241
Interpreters and Translators,27-3091,01/01/2013,8756,11.11,12.62379046,6,10.57342072
Interpreters and Translators,27-3091,01/01/2014,601,11.11011,139.376818,5.333333333,10.50274952
Interpreters and Translators,27-3091,01/01/2015,1284,12,16.9791736,10,14.30322057
Interpreters and Translators,27-3091,01/01/2016,1336,13.012205,17.53588154,1,3.14214126
Interpreters and Translators,27-3091,01/01/2017,2688,13.975375,17.66936315,3,10.24869034
Interpreters and Translators,27-3091,01/01/2018,2944,15,20.1791786,9,14.89320049
Interpreters and Translators,27-3091,01/01/2019,3759,15.5,19.2155838,6,11.60927391
Interpreters and Translators,27-3091,01/01/2020,1735,16.16688,18.29797126,7,10.39540612
Audio and Video Equipment Technicians,27-4011,01/01/2013,3494,10,12.33396878,8,12.05834977
Audio and Video Equipment Technicians,27-4011,01/01/2014,297,11.10923,13.18068078,10,14.1937034
Audio and Video Equipment Technicians,27-4011,01/01/2015,987,10,13.51429296,12.5,16.53573845
Audio and Video Equipment Technicians,27-4011,01/01/2016,1201,13,16.516728,1,2.745432378
Audio and Video Equipment Technicians,27-4011,01/01/2017,2330,14,17.8356201,2.291666667,7.927339612
Audio and Video Equipment Technicians,27-4011,01/01/2018,2362,14,19.15170255,8,11.694592
Audio and Video Equipment Technicians,27-4011,01/01/2019,3802,12,16.85533,7.333333333,11.00008934
Audio and Video Equipment Technicians,27-4011,01/01/2020,2082,14.5,18.52391011,7,10.49647909
Sound Engineering Technicians,27-4014,01/01/2013,959,13.33,17.70156686,7.5,14.16533426
Sound Engineering Technicians,27-4014,01/01/2014,93,11.112,14.39369682,10,14.40501792
Sound Engineering Technicians,27-4014,01/01/2015,148,13.000155,20.03715791,14.5,18.57602546
Sound Engineering Technicians,27-4014,01/01/2016,223,16.67,20.15840125,1,2.917077728
Sound Engineering Technicians,27-4014,01/01/2017,349,16.35194,20.43587615,6,16.03420658
Sound Engineering Technicians,27-4014,01/01/2018,338,17.447945,20.6896163,15.75,21.44475204
Sound Engineering Technicians,27-4014,01/01/2019,506,15.005225,19.57842749,9.5,15.30270092
Sound Engineering Technicians,27-4014,01/01/2020,321,19.4382,21.76651424,8.333333333,11.85359045
Advertising Sales Agents,41-3011,01/01/2013,2179,4.44,7.857317376,6,11.86837557
Advertising Sales Agents,41-3011,01/01/2014,175,5.560385,11.84804012,11,14.74752381
Advertising Sales Agents,41-3011,01/01/2015,183,9.99993,15.37025462,10,13.74655454
Advertising Sales Agents,41-3011,01/01/2016,250,12.99251,19.9075935,1,1.7084
Advertising Sales Agents,41-3011,01/01/2017,466,14.963885,77.03728946,1,4.002575107
Advertising Sales Agents,41-3011,01/01/2018,303,14.16667,21.35474232,5.5,7.431871759
Advertising Sales Agents,41-3011,01/01/2019,1910,10.822825,19.5378606,4.333333333,7.059788306
Advertising Sales Agents,41-3011,01/01/2020,1303,11.08216,23.40241998,5.5,7.775580163
Telemarketers,41-9041,01/01/2013,3373,4.44,5.693370111,5,8.342937704
Telemarketers,41-9041,01/01/2014,124,6.0959675,8.503101646,8.416666667,10.85006936
Telemarketers,41-9041,01/01/2015,343,5.55,8.392927863,7,9.751165379
Telemarketers,41-9041,01/01/2016,843,6.55,8.826271838,1,1.25699007
Telemarketers,41-9041,01/01/2017,1555,6.666126,11.33352429,1,2.204372489
Telemarketers,41-9041,01/01/2018,1418,6.6122915,10.21613334,3,4.636679051
Telemarketers,41-9041,01/01/2019,1703,6.958393,9.722887825,3,4.308735541
Telemarketers,41-9041,01/01/2020,674,7,10.47577485,3,4.267909912
Customer Service Representatives,43-4051,01/01/2013,3244,3.33,6.24055069,9.666666667,28.2378639
Customer Service Representatives,43-4051,01/01/2014,172,5.570532,9.96614611,7,12.85049402
Customer Service Representatives,43-4051,01/01/2015,449,6,8.183650009,10,14.87943247
Customer Service Representatives,43-4051,01/01/2016,764,5.991022,8.778918345,1,2.586263307
Customer Service Representatives,43-4051,01/01/2017,1780,6,14.11876429,2,9.940486775
Customer Service Representatives,43-4051,01/01/2018,2301,6.016393,39.01474454,9,18.72398222
Customer Service Representatives,43-4051,01/01/2019,2858,6.2795335,16.96768266,7,14.40805145
Customer Service Representatives,43-4051,01/01/2020,1757,6.015873,7.74878088,6.5,12.79163474
"Human Resources Assistants, Except Payroll and Timekeeping",43-4161,01/01/2013,507,5.56,7.669808712,5,10.33938428
"Human Resources Assistants, Except Payroll and Timekeeping",43-4161,01/01/2014,107,9,11.19772564,7.142857143,11.43980863
"Human Resources Assistants, Except Payroll and Timekeeping",43-4161,01/01/2015,94,8.615523,13.02427309,5.611111111,12.57220252
"Human Resources Assistants, Except Payroll and Timekeeping",43-4161,01/01/2016,100,12.56628,26.85259909,1,1.9825
"Human Resources Assistants, Except Payroll and Timekeeping",43-4161,01/01/2017,345,12.59065,20.06495832,1,3.680245527
"Human Resources Assistants, Except Payroll and Timekeeping",43-4161,01/01/2018,543,10.03469,16.29196045,4.555555556,6.943962003
"Human Resources Assistants, Except Payroll and Timekeeping",43-4161,01/01/2019,600,11.71427,20.56147368,3,5.355178571
"Human Resources Assistants, Except Payroll and Timekeeping",43-4161,01/01/2020,320,12.71183,22.26553944,4.166666667,6.366175394
"Secretaries and Administrative Assistants, Except Legal, Medical, and Executive",43-6014,01/01/2013,15693,3.33,4.780239393,6.666666667,15.66357937
"Secretaries and Administrative Assistants, Except Legal, Medical, and Executive",43-6014,01/01/2014,1137,4.44,7.495869314,12,16.31321029
"Secretaries and Administrative Assistants, Except Legal, Medical, and Executive",43-6014,01/01/2015,2284,4.999966,10.1347908,12.5,16.56891671
"Secretaries and Administrative Assistants, Except Legal, Medical, and Executive",43-6014,01/01/2016,4127,5.032,7.951374726,1,1.982374272
"Secretaries and Administrative Assistants, Except Legal, Medical, and Executive",43-6014,01/01/2017,8436,5.393079,33.35820981,1,5.208701418
"Secretaries and Administrative Assistants, Except Legal, Medical, and Executive",43-6014,01/01/2018,9890,5.769231,8.692848811,5,9.100204887
"Secretaries and Administrative Assistants, Except Legal, Medical, and Executive",43-6014,01/01/2019,7610,5.9872775,8.16008958,5.5,9.768773638
"Secretaries and Administrative Assistants, Except Legal, Medical, and Executive",43-6014,01/01/2020,3797,5.993103,7.925622101,5,8.671773115
Data Entry Keyers,43-9021,01/01/2013,18448,2.22,3.004298934,16,47.0920527
Data Entry Keyers,43-9021,01/01/2014,1584,3.33,4.490580854,13,20.17649499
Data Entry Keyers,43-9021,01/01/2015,2512,3.8904245,5.45841765,14,20.23359506
Data Entry Keyers,43-9021,01/01/2016,2568,4.001414,5.576466131,1,3.027378857
Data Entry Keyers,43-9021,01/01/2017,4588,4.935769,6.473258137,3.25,14.21725426
Data Entry Keyers,43-9021,01/01/2018,5071,4.995204,7.142859101,12,23.45545689
Data Entry Keyers,43-9021,01/01/2019,4363,4.927391,6.108286924,13.5,25.26846153
Data Entry Keyers,43-9021,01/01/2020,2023,4.976286,6.392871162,15,24.51419723
Word Processors and Typists,43-9022,01/01/2013,4206,5.56,7.652876571,6,12.7889309
Word Processors and Typists,43-9022,01/01/2014,201,6,12.88587293,10,13.88689399
Word Processors and Typists,43-9022,01/01/2015,417,7.0005,11.79623561,12.5,16.77476492
Word Processors and Typists,43-9022,01/01/2016,450,8,11.50758089,0.5,3.105567241
Word Processors and Typists,43-9022,01/01/2017,629,6.242902,9.327227351,1,6.763854239
Word Processors and Typists,43-9022,01/01/2018,230,6.998696,9.352542039,8.75,14.64347674
Word Processors and Typists,43-9022,01/01/2019,531,8.005057,11.78798395,7,12.30226644
Word Processors and Typists,43-9022,01/01/2020,318,8.003464,10.57096192,9,14.0087925
Desktop Publishers,43-9031,01/01/2013,17901,8.89,10.61149158,12,Inf
Desktop Publishers,43-9031,01/01/2014,1302,10,13.19198485,13,17.56955833
Desktop Publishers,43-9031,01/01/2015,2367,11.11014,15.17571604,11,14.98120802
Desktop Publishers,43-9031,01/01/2016,231,11.10857,14.53849648,10,13.11217618
Desktop Publishers,43-9031,01/01/2017,956,15.019565,20.14702499,4,6.826664923
Desktop Publishers,43-9031,01/01/2018,15,25,24.61830733,12,11.73333333
Desktop Publishers,43-9031,01/01/2019,68,14.997415,17.54397619,10.25,12.77941176
Statistical Assistants,43-9111,01/01/2015,703,10,15.12201409,8.5,12.70025164
Statistical Assistants,43-9111,01/01/2016,1279,11.25091,17.71989985,1,1.922824624
Statistical Assistants,43-9111,01/01/2017,2304,12.5,20.11963309,2,5.768689891
Statistical Assistants,43-9111,01/01/2018,2597,10.10375,20.11786971,6.857142857,10.13379061
Statistical Assistants,43-9111,01/01/2019,3393,7.727941,16.54274082,7,11.25013617
Statistical Assistants,43-9111,01/01/2020,1562,10,19.43756752,7,10.06486168