ISO_Code,country,year,project_count,median_wage,mean_wage
ABW,aruba,01/01/2013,1,38.89,38.89
ABW,aruba,01/01/2014,0,NA,NA
ABW,aruba,01/01/2015,0,NA,NA
ABW,aruba,01/01/2016,5,10,10
ABW,aruba,01/01/2017,8,9,10.65981733
ABW,aruba,01/01/2018,8,11,13.66666667
ABW,aruba,01/01/2019,6,NA,NA
ABW,aruba,01/01/2020,1,NA,NA
AFG,afghanistan,01/01/2013,0,NA,NA
AFG,afghanistan,01/01/2014,0,NA,NA
AFG,afghanistan,01/01/2015,0,NA,NA
AFG,afghanistan,01/01/2016,0,NA,NA
AFG,afghanistan,01/01/2017,0,NA,NA
AFG,afghanistan,01/01/2018,0,NA,NA
AFG,afghanistan,01/01/2019,6,10,10
AFG,afghanistan,01/01/2020,4,10,10
AGO,angola,01/01/2013,0,NA,NA
AGO,angola,01/01/2014,0,NA,NA
AGO,angola,01/01/2015,1,2.884615,2.884615
AGO,angola,01/01/2016,7,8.25,8.25
AGO,angola,01/01/2017,10,7.06423,7.06423
AGO,angola,01/01/2018,23,8.4999905,7.996264
AGO,angola,01/01/2019,28,5,8.864993667
AGO,angola,01/01/2020,2,13.01167,13.01167
AIA,anguilla,01/01/2013,0,NA,NA
AIA,anguilla,01/01/2014,0,NA,NA
AIA,anguilla,01/01/2015,0,NA,NA
AIA,anguilla,01/01/2016,2,NA,NA
AIA,anguilla,01/01/2017,5,20,20
AIA,anguilla,01/01/2018,1,NA,NA
AIA,anguilla,01/01/2019,2,NA,NA
AIA,anguilla,01/01/2020,0,NA,NA
ALB,albania,01/01/2013,59,11.11,16.27709091
ALB,albania,01/01/2014,26,15.72503,18.065015
ALB,albania,01/01/2015,119,8.000488,12.89698116
ALB,albania,01/01/2016,280,10,14.43261945
ALB,albania,01/01/2017,596,10.00439,14.9822321
ALB,albania,01/01/2018,574,12,29.29432574
ALB,albania,01/01/2019,847,11.83333,17.36019012
ALB,albania,01/01/2020,404,15,17.6800631
AND,andorra,01/01/2013,0,NA,NA
AND,andorra,01/01/2014,2,169.875,169.875
AND,andorra,01/01/2015,2,20,20
AND,andorra,01/01/2016,15,7.505176,7.1129752
AND,andorra,01/01/2017,34,4.5986225,11.64652003
AND,andorra,01/01/2018,19,39.79859,48.11908286
AND,andorra,01/01/2019,6,40,40
AND,andorra,01/01/2020,4,28.436755,28.436755
ARE,united arab emirates,01/01/2013,829,8.89,12.94554187
ARE,united arab emirates,01/01/2014,104,16.6704,31.64923827
ARE,united arab emirates,01/01/2015,250,12,17.33959892
ARE,united arab emirates,01/01/2016,508,10,14.02701732
ARE,united arab emirates,01/01/2017,898,12.5,17.02496517
ARE,united arab emirates,01/01/2018,802,15,24.24236162
ARE,united arab emirates,01/01/2019,931,13.43454,19.38404505
ARE,united arab emirates,01/01/2020,474,11.459645,17.74572783
ARG,argentina,01/01/2013,1220,13.89,16.1068673
ARG,argentina,01/01/2014,520,16.67189,18.48136777
ARG,argentina,01/01/2015,943,19.890355,24.83039071
ARG,argentina,01/01/2016,1309,16.01155,28.1371059
ARG,argentina,01/01/2017,2140,19.89848,22.74646124
ARG,argentina,01/01/2018,2330,19.735285,21.32570881
ARG,argentina,01/01/2019,2941,19.56906,24.31939309
ARG,argentina,01/01/2020,1389,20,27.43158081
ARM,armenia,01/01/2013,1109,12.22,14.7981419
ARM,armenia,01/01/2014,327,15,16.55485071
ARM,armenia,01/01/2015,708,11.51924,15.50100189
ARM,armenia,01/01/2016,821,14.00043,16.77993008
ARM,armenia,01/01/2017,1665,15,17.47260875
ARM,armenia,01/01/2018,1696,15.1087,18.24237906
ARM,armenia,01/01/2019,1962,14.98929,19.17908367
ARM,armenia,01/01/2020,923,15,19.16356046
ASM,american samoa,01/01/2013,0,NA,NA
ASM,american samoa,01/01/2014,0,NA,NA
ASM,american samoa,01/01/2015,0,NA,NA
ASM,american samoa,01/01/2016,9,10,10
ASM,american samoa,01/01/2017,13,4.589137,14.8929775
ASM,american samoa,01/01/2018,8,5.5,5.75
ASM,american samoa,01/01/2019,10,21.59697,21.59697
ASM,american samoa,01/01/2020,0,NA,NA
ATA,antarctica,01/01/2013,0,NA,NA
ATA,antarctica,01/01/2014,0,NA,NA
ATA,antarctica,01/01/2015,0,NA,NA
ATA,antarctica,01/01/2016,2,NA,NA
ATA,antarctica,01/01/2017,1,4.992509,4.992509
ATA,antarctica,01/01/2018,1,NA,NA
ATA,antarctica,01/01/2019,0,NA,NA
ATA,antarctica,01/01/2020,0,NA,NA
ATG,antigua and barbuda,01/01/2013,8,3.61,12.22875
ATG,antigua and barbuda,01/01/2014,0,NA,NA
ATG,antigua and barbuda,01/01/2015,0,NA,NA
ATG,antigua and barbuda,01/01/2016,23,NA,NA
ATG,antigua and barbuda,01/01/2017,21,9.320344,9.630275
ATG,antigua and barbuda,01/01/2018,51,8.5070605,9.1488897
ATG,antigua and barbuda,01/01/2019,10,26.86567,23.93371667
ATG,antigua and barbuda,01/01/2020,5,32.5,32.5
AUS,australia,01/01/2013,2295,16.67,21.50703815
AUS,australia,01/01/2014,207,20,42.8412534
AUS,australia,01/01/2015,597,20,24.81489434
AUS,australia,01/01/2016,2318,20.01617,25.81455342
AUS,australia,01/01/2017,3838,25.031955,30.99573688
AUS,australia,01/01/2018,3388,30,34.08335094
AUS,australia,01/01/2019,3089,34.491945,38.94586327
AUS,australia,01/01/2020,1396,34.99233,39.92145209
AUT,austria,01/01/2013,343,16.67,21.41194288
AUT,austria,01/01/2014,66,16.67007,18.49365263
AUT,austria,01/01/2015,141,22.22,25.78445729
AUT,austria,01/01/2016,259,15.00751,18.71682492
AUT,austria,01/01/2017,420,25.307895,28.404891
AUT,austria,01/01/2018,489,24.93162,30.17844528
AUT,austria,01/01/2019,416,25.296545,32.72741206
AUT,austria,01/01/2020,199,28,34.0477276
AZE,azerbaijan,01/01/2013,29,10,10.4884
AZE,azerbaijan,01/01/2014,1,NA,NA
AZE,azerbaijan,01/01/2015,13,8.0659305,12.37859025
AZE,azerbaijan,01/01/2016,43,17.944665,43.63956788
AZE,azerbaijan,01/01/2017,196,11.99143,15.24169661
AZE,azerbaijan,01/01/2018,243,12.49036,17.33002743
AZE,azerbaijan,01/01/2019,228,12.42923,16.14049311
AZE,azerbaijan,01/01/2020,136,14.49518,19.58948792
BDI,burundi,01/01/2013,0,NA,NA
BDI,burundi,01/01/2014,0,NA,NA
BDI,burundi,01/01/2015,0,NA,NA
BDI,burundi,01/01/2016,0,NA,NA
BDI,burundi,01/01/2017,3,162.728,162.728
BDI,burundi,01/01/2018,2,NA,NA
BDI,burundi,01/01/2019,1,NA,NA
BDI,burundi,01/01/2020,2,NA,NA
BEL,belgium,01/01/2013,339,12.78,25.08185013
BEL,belgium,01/01/2014,53,34.78002,33.00061767
BEL,belgium,01/01/2015,108,25,48.47832544
BEL,belgium,01/01/2016,237,18,23.46301494
BEL,belgium,01/01/2017,410,20,40.40632011
BEL,belgium,01/01/2018,418,19.382215,30.41798963
BEL,belgium,01/01/2019,513,20,27.33900901
BEL,belgium,01/01/2020,203,24.95094,32.18126333
BEN,benin,01/01/2013,96,7.78,7.866371275
BEN,benin,01/01/2014,49,4.445,4.445
BEN,benin,01/01/2015,65,3.3306135,5.4988995
BEN,benin,01/01/2016,50,3.698333,6.676111
BEN,benin,01/01/2017,86,5.000323,6.965708769
BEN,benin,01/01/2018,118,9.0070795,9.684250471
BEN,benin,01/01/2019,255,6,8.720309139
BEN,benin,01/01/2020,140,5.601724,6.9198785
BFA,burkina faso,01/01/2013,1,NA,NA
BFA,burkina faso,01/01/2014,0,NA,NA
BFA,burkina faso,01/01/2015,0,NA,NA
BFA,burkina faso,01/01/2016,2,NA,NA
BFA,burkina faso,01/01/2017,13,6.75,6.75
BFA,burkina faso,01/01/2018,7,8.5,8.5
BFA,burkina faso,01/01/2019,9,4,4.5597784
BFA,burkina faso,01/01/2020,6,5.64323,5.64323
BGD,bangladesh,01/01/2013,55120,3.33,5.300708197
BGD,bangladesh,01/01/2014,10752,4.9998955,7.577668577
BGD,bangladesh,01/01/2015,14353,5,8.5499713
BGD,bangladesh,01/01/2016,11079,5,8.288851993
BGD,bangladesh,01/01/2017,17851,5.034792,8.262289839
BGD,bangladesh,01/01/2018,18442,5.030926,8.055359759
BGD,bangladesh,01/01/2019,21308,5.48839,8.786233672
BGD,bangladesh,01/01/2020,9911,6,9.145059533
BGR,bulgaria,01/01/2013,1851,11.11,13.71087944
BGR,bulgaria,01/01/2014,572,16.835285,21.41648709
BGR,bulgaria,01/01/2015,1053,17,20.43360873
BGR,bulgaria,01/01/2016,1047,16.682415,19.97663711
BGR,bulgaria,01/01/2017,1910,19.98749,22.7351527
BGR,bulgaria,01/01/2018,1816,20,24.90808804
BGR,bulgaria,01/01/2019,1685,20,27.06551898
BGR,bulgaria,01/01/2020,804,20.003965,24.90040608
BHR,bahrain,01/01/2013,37,5,8.742315034
BHR,bahrain,01/01/2014,8,5,5.2663936
BHR,bahrain,01/01/2015,18,10.00033,10.38467571
BHR,bahrain,01/01/2016,22,15,11.3336
BHR,bahrain,01/01/2017,31,16.99654,26.2642775
BHR,bahrain,01/01/2018,19,12.338915,24.58533083
BHR,bahrain,01/01/2019,49,19.69682,34.18543173
BHR,bahrain,01/01/2020,23,9.991826,8.531596
BHS,bahamas,01/01/2013,5,13.445,13.5975
BHS,bahamas,01/01/2014,2,9.386,9.386
BHS,bahamas,01/01/2015,8,10.5,11.7000245
BHS,bahamas,01/01/2016,2,50.98059,50.98059
BHS,bahamas,01/01/2017,9,32.5,28.709637
BHS,bahamas,01/01/2018,9,15.09259,15.45877333
BHS,bahamas,01/01/2019,7,20.399481,20.399481
BHS,bahamas,01/01/2020,3,30.49251,30.49251
BIH,bosnia and herzegovina,01/01/2013,903,10,10.90096826
BIH,bosnia and herzegovina,01/01/2014,450,10,13.26835536
BIH,bosnia and herzegovina,01/01/2015,602,11.11024,17.07937563
BIH,bosnia and herzegovina,01/01/2016,783,10,13.1359271
BIH,bosnia and herzegovina,01/01/2017,1521,12.5,16.01910181
BIH,bosnia and herzegovina,01/01/2018,1504,12.76786,15.96323338
BIH,bosnia and herzegovina,01/01/2019,1400,14.584485,18.34430036
BIH,bosnia and herzegovina,01/01/2020,674,14.99303,23.94263582
BLR,belarus,01/01/2013,1296,16.67,18.21065647
BLR,belarus,01/01/2014,190,21.999025,25.2380997
BLR,belarus,01/01/2015,454,20.00002,26.94444209
BLR,belarus,01/01/2016,676,19.14385,21.93710352
BLR,belarus,01/01/2017,1363,20.004105,24.68175611
BLR,belarus,01/01/2018,1482,24.98738,25.68919467
BLR,belarus,01/01/2019,1455,24.97593,26.09780633
BLR,belarus,01/01/2020,604,25,32.93774347
BLZ,belize,01/01/2013,75,8.33,13.06695652
BLZ,belize,01/01/2014,0,NA,NA
BLZ,belize,01/01/2015,8,5.244681,5.244681
BLZ,belize,01/01/2016,27,9.456625,11.05259367
BLZ,belize,01/01/2017,35,7.021645,8.862104353
BLZ,belize,01/01/2018,35,6.5,9.296680765
BLZ,belize,01/01/2019,39,8.8343975,10.24308291
BLZ,belize,01/01/2020,24,6.4053055,10.42065463
BMU,bermuda,01/01/2013,1,27.78,27.78
BMU,bermuda,01/01/2014,0,NA,NA
BMU,bermuda,01/01/2015,0,NA,NA
BMU,bermuda,01/01/2016,10,15.016395,13.6787925
BMU,bermuda,01/01/2017,1,50.0929,50.0929
BMU,bermuda,01/01/2018,3,NA,NA
BMU,bermuda,01/01/2019,5,75,75
BMU,bermuda,01/01/2020,10,137.350745,137.350745
BOL,bolivia,01/01/2013,738,11.11,11.83517863
BOL,bolivia,01/01/2014,110,13.74512,20.52231752
BOL,bolivia,01/01/2015,104,15,18.22127112
BOL,bolivia,01/01/2016,176,11.95876,12.96764091
BOL,bolivia,01/01/2017,235,15,16.20207976
BOL,bolivia,01/01/2018,241,20.00869,21.00027336
BOL,bolivia,01/01/2019,211,14.96377,16.69450865
BOL,bolivia,01/01/2020,110,15.03763,16.16430122
BRA,brazil,01/01/2013,1056,11.11,14.74407485
BRA,brazil,01/01/2014,183,11.11,19.69555636
BRA,brazil,01/01/2015,631,12,17.63163824
BRA,brazil,01/01/2016,1102,15,20.90104256
BRA,brazil,01/01/2017,2198,15,19.86769859
BRA,brazil,01/01/2018,2315,15.11905,23.85968239
BRA,brazil,01/01/2019,2810,17.00566,22.5498842
BRA,brazil,01/01/2020,1236,20,22.92348507
BRB,barbados,01/01/2013,27,6,8.3584
BRB,barbados,01/01/2014,0,NA,NA
BRB,barbados,01/01/2015,8,7.000345,16.04407843
BRB,barbados,01/01/2016,33,9,14.60520145
BRB,barbados,01/01/2017,63,9.499844,14.4933121
BRB,barbados,01/01/2018,45,13.13562,14.80588476
BRB,barbados,01/01/2019,28,16.46,22.21138875
BRB,barbados,01/01/2020,21,25.09639,47.50206878
BRN,brunei darussalam,01/01/2013,2,10.555,10.555
BRN,brunei darussalam,01/01/2014,0,NA,NA
BRN,brunei darussalam,01/01/2015,1,4.552684,4.552684
BRN,brunei darussalam,01/01/2016,4,9.570455,9.570455
BRN,brunei darussalam,01/01/2017,22,9.9799455,9.9799455
BRN,brunei darussalam,01/01/2018,12,11.6296125,11.6296125
BRN,brunei darussalam,01/01/2019,20,35.42857,49.75063263
BRN,brunei darussalam,01/01/2020,2,19.86301,19.86301
BTN,bhutan,01/01/2013,0,NA,NA
BTN,bhutan,01/01/2014,0,NA,NA
BTN,bhutan,01/01/2015,0,NA,NA
BTN,bhutan,01/01/2016,5,10.1237,10.1237
BTN,bhutan,01/01/2017,2,NA,NA
BTN,bhutan,01/01/2018,1,NA,NA
BTN,bhutan,01/01/2019,4,2.99,2.99
BTN,bhutan,01/01/2020,0,NA,NA
BVT,bouvet island,01/01/2013,0,NA,NA
BVT,bouvet island,01/01/2014,0,NA,NA
BVT,bouvet island,01/01/2015,0,NA,NA
BVT,bouvet island,01/01/2016,1,NA,NA
BVT,bouvet island,01/01/2017,0,NA,NA
BVT,bouvet island,01/01/2018,0,NA,NA
BVT,bouvet island,01/01/2019,0,NA,NA
BVT,bouvet island,01/01/2020,0,NA,NA
BWA,botswana,01/01/2013,2,19.445,19.445
BWA,botswana,01/01/2014,0,NA,NA
BWA,botswana,01/01/2015,0,NA,NA
BWA,botswana,01/01/2016,6,12.00407,12.00407
BWA,botswana,01/01/2017,23,14.16667,13.55819167
BWA,botswana,01/01/2018,23,15.1961765,15.1961765
BWA,botswana,01/01/2019,26,3.5,3.5
BWA,botswana,01/01/2020,12,9.25,12.817059
CAN,canada,01/01/2013,5778,15,18.38759194
CAN,canada,01/01/2014,624,22.22013,27.26183574
CAN,canada,01/01/2015,1680,25,116.6613444
CAN,canada,01/01/2016,4941,21.0061,27.48132478
CAN,canada,01/01/2017,8678,24.98884,29.96862557
CAN,canada,01/01/2018,8130,25.02827,54.77859436
CAN,canada,01/01/2019,8701,25.99931,32.92112465
CAN,canada,01/01/2020,3752,29.98501,37.21907366
CHE,switzerland,01/01/2013,152,14.44,18.64763004
CHE,switzerland,01/01/2014,47,27.78,24.935908
CHE,switzerland,01/01/2015,186,30,33.47271814
CHE,switzerland,01/01/2016,239,29.945565,31.0719625
CHE,switzerland,01/01/2017,454,25.03041,29.95268042
CHE,switzerland,01/01/2018,435,28.7809,35.76531425
CHE,switzerland,01/01/2019,453,35.016375,46.7190689
CHE,switzerland,01/01/2020,206,33.086645,34.85776263
CHL,chile,01/01/2013,179,11.11263,17.31605576
CHL,chile,01/01/2014,81,14.44,16.20074904
CHL,chile,01/01/2015,130,18,23.3653168
CHL,chile,01/01/2016,195,12.99875,14.81352862
CHL,chile,01/01/2017,383,12,19.66095275
CHL,chile,01/01/2018,415,15.80488,27.62373966
CHL,chile,01/01/2019,412,15.02146,20.62804155
CHL,chile,01/01/2020,186,15.090145,28.23823502
CHN,china,01/01/2013,7063,27.78,25.47037884
CHN,china,01/01/2014,407,22.21964,21.1787145
CHN,china,01/01/2015,573,16,18.7547865
CHN,china,01/01/2016,1197,15,20.61083173
CHN,china,01/01/2017,2247,18.01567,22.56894949
CHN,china,01/01/2018,2353,19.986805,21.47603836
CHN,china,01/01/2019,2392,20.541395,24.16986914
CHN,china,01/01/2020,916,24.97476,27.12992184
CIV,cote d'ivoire,01/01/2013,1,33.33,33.33
CIV,cote d'ivoire,01/01/2014,1,NA,NA
CIV,cote d'ivoire,01/01/2015,14,10,11.046267
CIV,cote d'ivoire,01/01/2016,10,NA,NA
CIV,cote d'ivoire,01/01/2017,5,11.14627,11.14627
CIV,cote d'ivoire,01/01/2018,1,14.91086,14.91086
CIV,cote d'ivoire,01/01/2019,7,NA,NA
CIV,cote d'ivoire,01/01/2020,1,NA,NA
CMR,cameroon,01/01/2013,153,8.89,8.78359375
CMR,cameroon,01/01/2014,40,7.999976,7.855369091
CMR,cameroon,01/01/2015,39,11.11,17.65536138
CMR,cameroon,01/01/2016,93,7.770833,8.312951043
CMR,cameroon,01/01/2017,132,7.743358,7.611876917
CMR,cameroon,01/01/2018,195,9.375,13.33326254
CMR,cameroon,01/01/2019,177,8.8195015,12.62838813
CMR,cameroon,01/01/2020,104,12,11.32624989
COG,congo,01/01/2013,1,2,2
COG,congo,01/01/2014,0,NA,NA
COG,congo,01/01/2015,0,NA,NA
COG,congo,01/01/2016,0,NA,NA
COG,congo,01/01/2017,5,NA,NA
COG,congo,01/01/2018,3,5,5
COG,congo,01/01/2019,9,NA,NA
COG,congo,01/01/2020,4,12.93219,12.93219
COG,Congo Brazzaville,01/01/2013,5,1,1.02
COG,Congo Brazzaville,01/01/2014,0,NA,NA
COG,Congo Brazzaville,01/01/2015,0,NA,NA
COG,Congo Brazzaville,01/01/2016,1,NA,NA
COG,Congo Brazzaville,01/01/2017,5,39.96458,41.22256667
COG,Congo Brazzaville,01/01/2018,1,7,7
COG,Congo Brazzaville,01/01/2019,0,NA,NA
COG,Congo Brazzaville,01/01/2020,2,NA,NA
COL,colombia,01/01/2013,677,11.11,13.31024016
COL,colombia,01/01/2014,51,12.13909,15.17860276
COL,colombia,01/01/2015,139,12,13.51831004
COL,colombia,01/01/2016,571,11.993615,15.78258671
COL,colombia,01/01/2017,1395,11.99608,16.20244958
COL,colombia,01/01/2018,1448,12.994,17.2555595
COL,colombia,01/01/2019,1785,14.64286,18.01624915
COL,colombia,01/01/2020,892,15,18.80193348
COM,comoros,01/01/2013,0,NA,NA
COM,comoros,01/01/2014,0,NA,NA
COM,comoros,01/01/2015,0,NA,NA
COM,comoros,01/01/2016,0,NA,NA
COM,comoros,01/01/2017,0,NA,NA
COM,comoros,01/01/2018,0,NA,NA
COM,comoros,01/01/2019,1,NA,NA
COM,comoros,01/01/2020,0,NA,NA
CPV,cape verde,01/01/2013,0,NA,NA
CPV,cape verde,01/01/2014,0,NA,NA
CPV,cape verde,01/01/2015,0,NA,NA
CPV,cape verde,01/01/2016,0,NA,NA
CPV,cape verde,01/01/2017,0,NA,NA
CPV,cape verde,01/01/2018,7,NA,NA
CPV,cape verde,01/01/2019,14,25.0096,25.0096
CPV,cape verde,01/01/2020,7,25.4165,25.4165
CRI,costa rica,01/01/2013,127,16.67,16.86694881
CRI,costa rica,01/01/2014,6,26.68922,26.68922
CRI,costa rica,01/01/2015,55,20,21.47298135
CRI,costa rica,01/01/2016,130,18,21.45771642
CRI,costa rica,01/01/2017,267,15.11495,20.45308764
CRI,costa rica,01/01/2018,282,15.49989,22.52922838
CRI,costa rica,01/01/2019,320,17.09654,22.92158558
CRI,costa rica,01/01/2020,161,17.67857,22.07166077
CUW,curacao,01/01/2013,0,NA,NA
CUW,curacao,01/01/2014,0,NA,NA
CUW,curacao,01/01/2015,0,NA,NA
CUW,curacao,01/01/2016,8,28.3847485,28.3847485
CUW,curacao,01/01/2017,9,5.514754,10.09466133
CUW,curacao,01/01/2018,7,7.9076845,7.9076845
CUW,curacao,01/01/2019,3,15.04717,15.04717
CUW,curacao,01/01/2020,0,NA,NA
CYM,cayman islands,01/01/2013,11,33.33,30.10090909
CYM,cayman islands,01/01/2014,0,NA,NA
CYM,cayman islands,01/01/2015,0,NA,NA
CYM,cayman islands,01/01/2016,2,NA,NA
CYM,cayman islands,01/01/2017,11,36.37285,37.05039
CYM,cayman islands,01/01/2018,8,25.75818,25.75818
CYM,cayman islands,01/01/2019,4,17.29143,17.29143
CYM,cayman islands,01/01/2020,6,39.99996,39.99996
CYP,cyprus,01/01/2013,97,11.30827,17.50395543
CYP,cyprus,01/01/2014,10,11.11012,12.75359143
CYP,cyprus,01/01/2015,37,30,34.82882736
CYP,cyprus,01/01/2016,79,25,27.54684365
CYP,cyprus,01/01/2017,130,20,22.75099929
CYP,cyprus,01/01/2018,185,16.5,20.05529202
CYP,cyprus,01/01/2019,224,25,31.73142419
CYP,cyprus,01/01/2020,131,23.24139,25.28149368
CZE,czech republic,01/01/2013,372,16.67,19.36741161
CZE,czech republic,01/01/2014,56,31.109965,27.81829375
CZE,czech republic,01/01/2015,137,15,18.98731574
CZE,czech republic,01/01/2016,311,18,24.45878825
CZE,czech republic,01/01/2017,638,21.994975,24.95056799
CZE,czech republic,01/01/2018,769,17.489765,25.48146451
CZE,czech republic,01/01/2019,773,16,24.40177998
CZE,czech republic,01/01/2020,362,16.92308,22.56171673
DEU,germany,01/01/2013,1821,15,17.85836631
DEU,germany,01/01/2014,172,18.8904,42.02790196
DEU,germany,01/01/2015,743,23.03846,27.01120195
DEU,germany,01/01/2016,1637,19.203895,22.24560387
DEU,germany,01/01/2017,3420,20.81446,26.62266074
DEU,germany,01/01/2018,3652,24.987255,29.9944047
DEU,germany,01/01/2019,3937,25,30.91327664
DEU,germany,01/01/2020,1639,25,31.75799924
DJI,djibouti,01/01/2013,0,NA,NA
DJI,djibouti,01/01/2014,0,NA,NA
DJI,djibouti,01/01/2015,0,NA,NA
DJI,djibouti,01/01/2016,0,NA,NA
DJI,djibouti,01/01/2017,0,NA,NA
DJI,djibouti,01/01/2018,0,NA,NA
DJI,djibouti,01/01/2019,3,7.981837,7.981837
DJI,djibouti,01/01/2020,0,NA,NA
DMA,dominica,01/01/2013,63,14.44,14.02051724
DMA,dominica,01/01/2014,0,NA,NA
DMA,dominica,01/01/2015,0,NA,NA
DMA,dominica,01/01/2016,6,57.392275,57.392275
DMA,dominica,01/01/2017,23,6.442895,7.334415727
DMA,dominica,01/01/2018,25,14.41863,16.095441
DMA,dominica,01/01/2019,3,8.014457,8.014457
DMA,dominica,01/01/2020,0,NA,NA
DNK,denmark,01/01/2013,229,14,21.01393147
DNK,denmark,01/01/2014,48,20,24.68860074
DNK,denmark,01/01/2015,109,38.89,51.64161652
DNK,denmark,01/01/2016,274,22,29.29199786
DNK,denmark,01/01/2017,419,25.154445,37.27690212
DNK,denmark,01/01/2018,461,25,33.71313209
DNK,denmark,01/01/2019,523,24.92308,31.52081137
DNK,denmark,01/01/2020,261,23.20139,38.65476886
DOM,dominican republic,01/01/2013,223,8.55,11.2482751
DOM,dominican republic,01/01/2014,55,12.223335,17.22487438
DOM,dominican republic,01/01/2015,124,10,34.01797637
DOM,dominican republic,01/01/2016,248,8.1460735,12.77912342
DOM,dominican republic,01/01/2017,440,8.0134,11.07217561
DOM,dominican republic,01/01/2018,377,10,14.47818399
DOM,dominican republic,01/01/2019,480,10.00183,15.45112434
DOM,dominican republic,01/01/2020,234,12.9849,15.28508217
DZA,algeria,01/01/2013,701,6.67,11.94184559
DZA,algeria,01/01/2014,114,11.556,2678.938106
DZA,algeria,01/01/2015,178,14.43976,13.61392028
DZA,algeria,01/01/2016,193,16.56385,17.09083416
DZA,algeria,01/01/2017,420,8.285494,11.23181744
DZA,algeria,01/01/2018,388,10,15.99184127
DZA,algeria,01/01/2019,558,11.525075,16.66760711
DZA,algeria,01/01/2020,243,15,15.57193939
ECU,ecuador,01/01/2013,50,11.11,14.699758
ECU,ecuador,01/01/2014,21,15,24.70143958
ECU,ecuador,01/01/2015,28,13.228515,20.6614354
ECU,ecuador,01/01/2016,103,12,22.69797754
ECU,ecuador,01/01/2017,239,18.025605,22.5423863
ECU,ecuador,01/01/2018,297,15,17.11068836
ECU,ecuador,01/01/2019,320,19.91534,21.90924019
ECU,ecuador,01/01/2020,140,19.5,23.03285885
EGY,egypt,01/01/2013,3101,8.89,10.35234404
EGY,egypt,01/01/2014,772,10,11.41765751
EGY,egypt,01/01/2015,1310,10.00081,13.35461405
EGY,egypt,01/01/2016,1938,9.9700895,13.77235648
EGY,egypt,01/01/2017,5009,10.09091,13.85383764
EGY,egypt,01/01/2018,5319,12.5,45.96555438
EGY,egypt,01/01/2019,5607,14.58333,17.51150246
EGY,egypt,01/01/2020,2677,15,19.82146753
ESP,spain,01/01/2013,2026,12.220105,16.75094937
ESP,spain,01/01/2014,496,16.66981,18.49756417
ESP,spain,01/01/2015,1027,15.83154,18.77714944
ESP,spain,01/01/2016,1531,18.004095,22.4924035
ESP,spain,01/01/2017,2846,19.99237,24.93668184
ESP,spain,01/01/2018,2957,20.003655,25.25600944
ESP,spain,01/01/2019,3407,20,24.78661418
ESP,spain,01/01/2020,1540,22.45143,28.34845895
EST,estonia,01/01/2013,246,13.89,15.98942029
EST,estonia,01/01/2014,53,19.88149,33.15797575
EST,estonia,01/01/2015,72,19.2995,34.84026767
EST,estonia,01/01/2016,173,25.005855,34.33803092
EST,estonia,01/01/2017,363,17,23.44569907
EST,estonia,01/01/2018,328,22.66873,412.0059173
EST,estonia,01/01/2019,383,25,31.45324748
EST,estonia,01/01/2020,159,20.118425,30.17614039
ETH,ethiopia,01/01/2013,59,7.78,9.136808511
ETH,ethiopia,01/01/2014,18,13.33014,47.73297571
ETH,ethiopia,01/01/2015,18,22.21959,22.71344786
ETH,ethiopia,01/01/2016,40,33.34635,33.34635
ETH,ethiopia,01/01/2017,83,7.494647,11.51041177
ETH,ethiopia,01/01/2018,95,15.008835,16.04663573
ETH,ethiopia,01/01/2019,123,11.9403,13.46713483
ETH,ethiopia,01/01/2020,50,14.875,15.88634567
FIN,finland,01/01/2013,322,20,20.41538462
FIN,finland,01/01/2014,39,30,31.54466316
FIN,finland,01/01/2015,186,25,29.25265317
FIN,finland,01/01/2016,341,21.117245,27.8764303
FIN,finland,01/01/2017,505,24,31.4039084
FIN,finland,01/01/2018,629,25.04372,30.2510897
FIN,finland,01/01/2019,647,24.96581,31.51089712
FIN,finland,01/01/2020,301,24.34091,28.39152986
FJI,fiji,01/01/2013,7,16.67,16.43714286
FJI,fiji,01/01/2014,0,NA,NA
FJI,fiji,01/01/2015,0,NA,NA
FJI,fiji,01/01/2016,0,NA,NA
FJI,fiji,01/01/2017,0,NA,NA
FJI,fiji,01/01/2018,4,NA,NA
FJI,fiji,01/01/2019,9,17.4992195,17.4992195
FJI,fiji,01/01/2020,7,14,14
FRA,france,01/01/2013,1557,13.33,15.32765592
FRA,france,01/01/2014,209,15,18.15624481
FRA,france,01/01/2015,540,17.27027,21.17599045
FRA,france,01/01/2016,1245,17.88102,21.7898895
FRA,france,01/01/2017,2446,18.75687,23.87792068
FRA,france,01/01/2018,2784,20.00449,26.49947872
FRA,france,01/01/2019,3425,20.05897,29.80385629
FRA,france,01/01/2020,1419,24.9782,28.77980819
FRO,faroe islands,01/01/2013,0,NA,NA
FRO,faroe islands,01/01/2014,0,NA,NA
FRO,faroe islands,01/01/2015,0,NA,NA
FRO,faroe islands,01/01/2016,0,NA,NA
FRO,faroe islands,01/01/2017,0,NA,NA
FRO,faroe islands,01/01/2018,0,NA,NA
FRO,faroe islands,01/01/2019,0,NA,NA
FRO,faroe islands,01/01/2020,2,NA,NA
GAB,gabon,01/01/2013,2,2.22,2.22
GAB,gabon,01/01/2014,0,NA,NA
GAB,gabon,01/01/2015,0,NA,NA
GAB,gabon,01/01/2016,0,NA,NA
GAB,gabon,01/01/2017,3,NA,NA
GAB,gabon,01/01/2018,0,NA,NA
GAB,gabon,01/01/2019,0,NA,NA
GAB,gabon,01/01/2020,2,NA,NA
GBR,united kingdom,01/01/2013,6449,15,18.53823244
GBR,united kingdom,01/01/2014,713,22.22032,30.12004747
GBR,united kingdom,01/01/2015,1922,20,26.67494646
GBR,united kingdom,01/01/2016,6317,20.00118,26.5231495
GBR,united kingdom,01/01/2017,11647,25,36.96193846
GBR,united kingdom,01/01/2018,11615,25.010255,35.61558266
GBR,united kingdom,01/01/2019,11543,28,35.20621892
GBR,united kingdom,01/01/2020,5150,30,39.64742652
GEO,georgia,01/01/2013,187,11.11,13.42899371
GEO,georgia,01/01/2014,38,22.219,27.229707
GEO,georgia,01/01/2015,115,15.83524,25.13018135
GEO,georgia,01/01/2016,238,16.04167,19.49177378
GEO,georgia,01/01/2017,433,18.75167,22.63509728
GEO,georgia,01/01/2018,573,22.5,26.01090478
GEO,georgia,01/01/2019,829,20.23857,28.03316606
GEO,georgia,01/01/2020,388,25,32.30858615
GHA,ghana,01/01/2013,74,6.67,7.956784615
GHA,ghana,01/01/2014,14,4.0004545,5.406620625
GHA,ghana,01/01/2015,43,12.250016,12.609793
GHA,ghana,01/01/2016,120,16.49813,14.50602621
GHA,ghana,01/01/2017,181,9.5244845,12.67088276
GHA,ghana,01/01/2018,164,7.508834,11.75810282
GHA,ghana,01/01/2019,162,11.74613,14.52072242
GHA,ghana,01/01/2020,79,11.666665,12.97237891
GIB,gibraltar,01/01/2013,18,10,8.626666667
GIB,gibraltar,01/01/2014,0,NA,NA
GIB,gibraltar,01/01/2015,21,25.00087,21.14908755
GIB,gibraltar,01/01/2016,8,NA,NA
GIB,gibraltar,01/01/2017,19,21.636365,20.1513361
GIB,gibraltar,01/01/2018,9,24.56158,24.56158
GIB,gibraltar,01/01/2019,6,26.25471,26.25471
GIB,gibraltar,01/01/2020,5,9.920794,9.920794
GIN,guinea,01/01/2013,0,NA,NA
GIN,guinea,01/01/2014,0,NA,NA
GIN,guinea,01/01/2015,0,NA,NA
GIN,guinea,01/01/2016,0,NA,NA
GIN,guinea,01/01/2017,0,NA,NA
GIN,guinea,01/01/2018,1,4.293768,4.293768
GIN,guinea,01/01/2019,2,8,8
GIN,guinea,01/01/2020,1,NA,NA
GLP,guadeloupe,01/01/2013,13,6.67,9.830769231
GLP,guadeloupe,01/01/2014,0,NA,NA
GLP,guadeloupe,01/01/2015,0,NA,NA
GLP,guadeloupe,01/01/2016,0,NA,NA
GLP,guadeloupe,01/01/2017,0,NA,NA
GLP,guadeloupe,01/01/2018,4,18.74338,18.74338
GLP,guadeloupe,01/01/2019,13,18.69259,24.039322
GLP,guadeloupe,01/01/2020,9,18.75,25.59444333
GMB,gambia,01/01/2013,0,NA,NA
GMB,gambia,01/01/2014,0,NA,NA
GMB,gambia,01/01/2015,0,NA,NA
GMB,gambia,01/01/2016,0,NA,NA
GMB,gambia,01/01/2017,1,NA,NA
GMB,gambia,01/01/2018,1,NA,NA
GMB,gambia,01/01/2019,15,10.72614,17.754044
GMB,gambia,01/01/2020,5,6.445933,6.445933
GRC,greece,01/01/2013,845,12,15.6942419
GRC,greece,01/01/2014,322,13.32981,22.4410366
GRC,greece,01/01/2015,554,11.10938,14.83189053
GRC,greece,01/01/2016,635,16.74316,19.50028753
GRC,greece,01/01/2017,1113,15.17727,20.71485506
GRC,greece,01/01/2018,1204,15.45664,24.27985255
GRC,greece,01/01/2019,1267,18.234555,23.33339659
GRC,greece,01/01/2020,556,18.88079,24.87215712
GRD,grenada,01/01/2013,22,22.22,18.21
GRD,grenada,01/01/2014,1,NA,NA
GRD,grenada,01/01/2015,2,14.00056,14.00056
GRD,grenada,01/01/2016,21,9.12818,9.21922575
GRD,grenada,01/01/2017,12,9.959024,7.974156
GRD,grenada,01/01/2018,14,12.5,11.002309
GRD,grenada,01/01/2019,17,10.04368,12.36520771
GRD,grenada,01/01/2020,2,NA,NA
GRL,greenland,01/01/2013,0,NA,NA
GRL,greenland,01/01/2014,0,NA,NA
GRL,greenland,01/01/2015,0,NA,NA
GRL,greenland,01/01/2016,0,NA,NA
GRL,greenland,01/01/2017,0,NA,NA
GRL,greenland,01/01/2018,0,NA,NA
GRL,greenland,01/01/2019,1,8.010601,8.010601
GRL,greenland,01/01/2020,0,NA,NA
GTM,guatemala,01/01/2013,117,18,19.04953704
GTM,guatemala,01/01/2014,4,2.22,3.146666667
GTM,guatemala,01/01/2015,19,12,14.66974373
GTM,guatemala,01/01/2016,68,16.33333,18.12438795
GTM,guatemala,01/01/2017,188,18.999855,20.89295658
GTM,guatemala,01/01/2018,153,20,24.94855938
GTM,guatemala,01/01/2019,173,24.98497,25.26801846
GTM,guatemala,01/01/2020,99,20,21.66739164
GUF,french guiana,01/01/2013,9,44.44,44.44
GUF,french guiana,01/01/2014,0,NA,NA
GUF,french guiana,01/01/2015,0,NA,NA
GUF,french guiana,01/01/2016,1,NA,NA
GUF,french guiana,01/01/2017,0,NA,NA
GUF,french guiana,01/01/2018,2,NA,NA
GUF,french guiana,01/01/2019,5,3,2.740869
GUF,french guiana,01/01/2020,0,NA,NA
GUM,guam,01/01/2013,7,3,4.091666667
GUM,guam,01/01/2014,0,NA,NA
GUM,guam,01/01/2015,0,NA,NA
GUM,guam,01/01/2016,1,5.022432,5.022432
GUM,guam,01/01/2017,3,5.516231,5.516231
GUM,guam,01/01/2018,4,10.12333,10.45397333
GUM,guam,01/01/2019,1,9.999907,9.999907
GUM,guam,01/01/2020,2,24.31694,24.31694
GUY,guyana,01/01/2013,130,5.56,9.563958333
GUY,guyana,01/01/2014,65,15,17.33333333
GUY,guyana,01/01/2015,34,15,16.19234615
GUY,guyana,01/01/2016,30,12,12.409837
GUY,guyana,01/01/2017,42,8.367647,10.44440286
GUY,guyana,01/01/2018,61,4.7760525,9.305024094
GUY,guyana,01/01/2019,49,8.261918,14.31934673
GUY,guyana,01/01/2020,16,4.4927035,4.8924901
HKG,hong kong,01/01/2013,16,15.00019,14.757905
HKG,hong kong,01/01/2014,48,20.26436,73.68995845
HKG,hong kong,01/01/2015,138,17.77995,22.28818058
HKG,hong kong,01/01/2016,246,18.797945,24.02117594
HKG,hong kong,01/01/2017,511,20.07591,22.95761658
HKG,hong kong,01/01/2018,437,24.248675,39.38285826
HKG,hong kong,01/01/2019,449,24.96581,32.19238146
HKG,hong kong,01/01/2020,200,30.505665,44.72028302
HND,honduras,01/01/2013,20,15,12.31625
HND,honduras,01/01/2014,11,10.00036,9.4454075
HND,honduras,01/01/2015,30,16.5427,20.52917067
HND,honduras,01/01/2016,50,12,17.70026062
HND,honduras,01/01/2017,108,14.97006,15.44517022
HND,honduras,01/01/2018,123,7.49564,11.15919775
HND,honduras,01/01/2019,138,9.565833,13.00216518
HND,honduras,01/01/2020,44,14.980935,18.87933531
HRV,croatia,01/01/2013,1441,11.11,13.8486663
HRV,croatia,01/01/2014,320,11.041695,14.85810473
HRV,croatia,01/01/2015,720,13.0795,17.06593523
HRV,croatia,01/01/2016,638,19.99143,22.90425631
HRV,croatia,01/01/2017,859,20,22.82602746
HRV,croatia,01/01/2018,886,20.42966,25.40133831
HRV,croatia,01/01/2019,1030,20,25.75336158
HRV,croatia,01/01/2020,419,25,29.75895353
HTI,haiti,01/01/2013,6,5,3.624
HTI,haiti,01/01/2014,0,NA,NA
HTI,haiti,01/01/2015,15,24,24
HTI,haiti,01/01/2016,12,3.8656445,3.8656445
HTI,haiti,01/01/2017,27,5.075455,4.920710714
HTI,haiti,01/01/2018,47,8,9.833630077
HTI,haiti,01/01/2019,75,8.5,10.12784395
HTI,haiti,01/01/2020,30,9.9970985,11.43263317
HUN,hungary,01/01/2013,646,11.11,13.25022973
HUN,hungary,01/01/2014,136,15.33091,17.61134623
HUN,hungary,01/01/2015,341,11.21051,17.67603134
HUN,hungary,01/01/2016,383,22.60308,27.88893002
HUN,hungary,01/01/2017,767,18.004095,20.60835327
HUN,hungary,01/01/2018,810,19.259855,25.30033852
HUN,hungary,01/01/2019,907,20,26.44991472
HUN,hungary,01/01/2020,409,20.558325,26.24289913
IDN,indonesia,01/01/2013,3470,10,11.82732964
IDN,indonesia,01/01/2014,898,12,13.87873775
IDN,indonesia,01/01/2015,1622,11.11082,14.29298209
IDN,indonesia,01/01/2016,1569,11.032915,12.5940619
IDN,indonesia,01/01/2017,2743,11.36061,13.77368459
IDN,indonesia,01/01/2018,2630,12.06154,14.80148297
IDN,indonesia,01/01/2019,2987,12.499955,16.42442065
IDN,indonesia,01/01/2020,1383,13,15.58908069
IMN,isle of man,01/01/2013,6,9.999979,9.999979
IMN,isle of man,01/01/2014,41,11.11,11.11
IMN,isle of man,01/01/2015,30,14.40039,14.98787436
IMN,isle of man,01/01/2016,11,NA,NA
IMN,isle of man,01/01/2017,11,18,17.2674425
IMN,isle of man,01/01/2018,21,19,19.677535
IMN,isle of man,01/01/2019,17,35,37.85168333
IMN,isle of man,01/01/2020,8,NA,NA
IND,india,01/01/2013,77705,8.89,9.914793459
IND,india,01/01/2014,19974,10,11.87293882
IND,india,01/01/2015,31297,10,12.31429758
IND,india,01/01/2016,33243,9.9905505,11.55734584
IND,india,01/01/2017,53629,10,12.43943572
IND,india,01/01/2018,53356,10.01946,12.98799797
IND,india,01/01/2019,59118,10.10437,13.06383375
IND,india,01/01/2020,28983,11.80548,13.74891945
IOT,british indian ocean territory,01/01/2013,0,NA,NA
IOT,british indian ocean territory,01/01/2014,0,NA,NA
IOT,british indian ocean territory,01/01/2015,0,NA,NA
IOT,british indian ocean territory,01/01/2016,1,NA,NA
IOT,british indian ocean territory,01/01/2017,5,NA,NA
IOT,british indian ocean territory,01/01/2018,0,NA,NA
IOT,british indian ocean territory,01/01/2019,0,NA,NA
IOT,british indian ocean territory,01/01/2020,0,NA,NA
IRL,ireland,01/01/2013,982,16,16.96020956
IRL,ireland,01/01/2014,149,16.34538,16.71067281
IRL,ireland,01/01/2015,333,16.37089,19.21668325
IRL,ireland,01/01/2016,924,22.24324,28.0615943
IRL,ireland,01/01/2017,1558,26.64095,43.25431881
IRL,ireland,01/01/2018,1301,22.54,29.31521811
IRL,ireland,01/01/2019,1202,25,29.77520234
IRL,ireland,01/01/2020,559,26.428295,27.49923221
IRQ,iraq,01/01/2013,6,5.56,4.725
IRQ,iraq,01/01/2014,0,NA,NA
IRQ,iraq,01/01/2015,0,NA,NA
IRQ,iraq,01/01/2016,0,NA,NA
IRQ,iraq,01/01/2017,0,NA,NA
IRQ,iraq,01/01/2018,0,NA,NA
IRQ,iraq,01/01/2019,0,NA,NA
IRQ,iraq,01/01/2020,0,NA,NA
ISL,iceland,01/01/2013,14,11.11,16.03
ISL,iceland,01/01/2014,0,NA,NA
ISL,iceland,01/01/2015,12,6.585634,6.585634
ISL,iceland,01/01/2016,11,12.977612,12.977612
ISL,iceland,01/01/2017,18,9.804292,11.1672975
ISL,iceland,01/01/2018,38,16.725805,15.8114275
ISL,iceland,01/01/2019,30,28.989295,25.7446475
ISL,iceland,01/01/2020,13,NA,NA
ISR,israel,01/01/2013,393,16.67,21.35781244
ISR,israel,01/01/2014,105,12.78,25.07101086
ISR,israel,01/01/2015,175,14,52.14027412
ISR,israel,01/01/2016,295,23.119685,27.9747573
ISR,israel,01/01/2017,500,25,31.81550592
ISR,israel,01/01/2018,568,30,34.87476009
ISR,israel,01/01/2019,773,30.20833,39.69089858
ISR,israel,01/01/2020,296,25.5,45.07317731
ITA,italy,01/01/2013,1744,13.33,16.16573551
ITA,italy,01/01/2014,334,16.015,71.5576619
ITA,italy,01/01/2015,868,15,18.34806255
ITA,italy,01/01/2016,1335,15.03759,20.49023267
ITA,italy,01/01/2017,2641,15.008185,75.34216204
ITA,italy,01/01/2018,2865,16.98451,31.76117463
ITA,italy,01/01/2019,3404,16,20.1817051
ITA,italy,01/01/2020,1678,17.13193,20.7076187
JAM,jamaica,01/01/2013,841,6.67,9.177828171
JAM,jamaica,01/01/2014,202,7.90003,9.220288256
JAM,jamaica,01/01/2015,293,6.11,8.504025677
JAM,jamaica,01/01/2016,530,6.664493,8.595866998
JAM,jamaica,01/01/2017,826,7.83375,10.72164462
JAM,jamaica,01/01/2018,689,8.050633,10.79714146
JAM,jamaica,01/01/2019,674,8.596939,13.2413502
JAM,jamaica,01/01/2020,286,8.5591905,11.55041909
JEY,jersey,01/01/2013,0,NA,NA
JEY,jersey,01/01/2014,0,NA,NA
JEY,jersey,01/01/2015,0,NA,NA
JEY,jersey,01/01/2016,6,17,17
JEY,jersey,01/01/2017,5,26.026485,26.026485
JEY,jersey,01/01/2018,3,25.625,25.625
JEY,jersey,01/01/2019,1,NA,NA
JEY,jersey,01/01/2020,5,39.84375,36.0674375
JOR,jordan,01/01/2013,135,7.78,12.70285412
JOR,jordan,01/01/2014,18,11.11006,14.27647543
JOR,jordan,01/01/2015,35,10,14.27269378
JOR,jordan,01/01/2016,95,13.5,17.45920264
JOR,jordan,01/01/2017,167,11.94872,14.55204948
JOR,jordan,01/01/2018,167,15.17378,21.10175425
JOR,jordan,01/01/2019,232,20,25.59623352
JOR,jordan,01/01/2020,73,19.69682,22.15183223
JPN,japan,01/01/2013,335,15.56,14.85273884
JPN,japan,01/01/2014,40,18,17.4527745
JPN,japan,01/01/2015,194,35.92735,36.57328098
JPN,japan,01/01/2016,518,18.541665,23.0898077
JPN,japan,01/01/2017,1049,20.03376,23.47044788
JPN,japan,01/01/2018,1263,20.628075,24.27869149
JPN,japan,01/01/2019,1379,20.27,24.9687031
JPN,japan,01/01/2020,524,24.779315,23.74865028
KAZ,kazakhstan,01/01/2013,44,16.335,15.63789474
KAZ,kazakhstan,01/01/2014,17,27.78,35.71647857
KAZ,kazakhstan,01/01/2015,80,15,15.94769559
KAZ,kazakhstan,01/01/2016,198,15,18.0038921
KAZ,kazakhstan,01/01/2017,348,19.368395,22.09121492
KAZ,kazakhstan,01/01/2018,277,20.01617,25.64283286
KAZ,kazakhstan,01/01/2019,325,25.125495,30.84845892
KAZ,kazakhstan,01/01/2020,140,25.0311,26.76658153
KEN,kenya,01/01/2013,3762,5.56,6.716677619
KEN,kenya,01/01/2014,853,5.172527,10.18716628
KEN,kenya,01/01/2015,1486,6,9.077111495
KEN,kenya,01/01/2016,1755,8,11.28221333
KEN,kenya,01/01/2017,3241,7.769091,10.12046741
KEN,kenya,01/01/2018,3949,9.772727,12.71189222
KEN,kenya,01/01/2019,4141,10,13.37217612
KEN,kenya,01/01/2020,1825,9.6526105,14.42778164
KGZ,kyrgyzstan,01/01/2013,117,15.56,19.59193556
KGZ,kyrgyzstan,01/01/2014,41,22.05471,22.74873217
KGZ,kyrgyzstan,01/01/2015,29,25.00016,22.53706944
KGZ,kyrgyzstan,01/01/2016,51,10.589235,15.26332479
KGZ,kyrgyzstan,01/01/2017,113,16.33333,19.00793227
KGZ,kyrgyzstan,01/01/2018,144,16.17044,19.78595242
KGZ,kyrgyzstan,01/01/2019,116,15.503435,19.94845063
KGZ,kyrgyzstan,01/01/2020,70,12.5,14.16691937
KHM,cambodia,01/01/2013,63,15,15.78632653
KHM,cambodia,01/01/2014,0,NA,NA
KHM,cambodia,01/01/2015,25,15.996,16.7666064
KHM,cambodia,01/01/2016,15,12,12.44827667
KHM,cambodia,01/01/2017,35,13.533785,16.0211275
KHM,cambodia,01/01/2018,35,25,24.833875
KHM,cambodia,01/01/2019,20,18.73876,16.2090582
KHM,cambodia,01/01/2020,20,15,12.544
KIR,kiribati,01/01/2013,0,NA,NA
KIR,kiribati,01/01/2014,0,NA,NA
KIR,kiribati,01/01/2015,0,NA,NA
KIR,kiribati,01/01/2016,0,NA,NA
KIR,kiribati,01/01/2017,0,NA,NA
KIR,kiribati,01/01/2018,1,NA,NA
KIR,kiribati,01/01/2019,5,NA,NA
KIR,kiribati,01/01/2020,1,NA,NA
KNA,saint kitts and nevis,01/01/2013,38,3.33,5.206216216
KNA,saint kitts and nevis,01/01/2014,0,NA,NA
KNA,saint kitts and nevis,01/01/2015,0,NA,NA
KNA,saint kitts and nevis,01/01/2016,11,29.833335,29.833335
KNA,saint kitts and nevis,01/01/2017,12,20.57108,23.01104857
KNA,saint kitts and nevis,01/01/2018,16,14.2207145,16.56572238
KNA,saint kitts and nevis,01/01/2019,4,57.240685,57.240685
KNA,saint kitts and nevis,01/01/2020,0,NA,NA
KOR,south korea,01/01/2013,166,11.555,14.89042138
KOR,south korea,01/01/2014,38,12.1888,17.23760429
KOR,south korea,01/01/2015,92,12.82376,18.62844593
KOR,south korea,01/01/2016,218,15,23.25436244
KOR,south korea,01/01/2017,528,18.122655,22.62975808
KOR,south korea,01/01/2018,643,20,22.83486309
KOR,south korea,01/01/2019,703,21.16656,26.87954038
KOR,south korea,01/01/2020,315,23,29.1460176
KWT,kuwait,01/01/2013,47,15,14.88255319
KWT,kuwait,01/01/2014,0,NA,NA
KWT,kuwait,01/01/2015,0,NA,NA
KWT,kuwait,01/01/2016,12,7.784667,15.1405625
KWT,kuwait,01/01/2017,47,22.51672,21.46863625
KWT,kuwait,01/01/2018,51,9.986175,11.80104573
KWT,kuwait,01/01/2019,106,11.25,15.72237905
KWT,kuwait,01/01/2020,59,11.61434,17.9683451
LAO,laos,01/01/2013,10,9.445,11.334
LAO,laos,01/01/2014,0,NA,NA
LAO,laos,01/01/2015,1,4.998462,4.998462
LAO,laos,01/01/2016,2,6.91,6.91
LAO,laos,01/01/2017,17,9.990536,9.990536
LAO,laos,01/01/2018,17,28,30.933334
LAO,laos,01/01/2019,18,4,3.666666667
LAO,laos,01/01/2020,8,NA,NA
LBN,lebanon,01/01/2013,69,16.67,15.30984375
LBN,lebanon,01/01/2014,9,11.165205,11.165205
LBN,lebanon,01/01/2015,51,13.33068,13.80726467
LBN,lebanon,01/01/2016,88,8.5333335,15.43469044
LBN,lebanon,01/01/2017,102,10.6301,13.66171925
LBN,lebanon,01/01/2018,119,12.86032,14.08197817
LBN,lebanon,01/01/2019,170,15.00751,15.64626739
LBN,lebanon,01/01/2020,105,15.828865,22.89209809
LBY,libya,01/01/2013,0,NA,NA
LBY,libya,01/01/2014,0,NA,NA
LBY,libya,01/01/2015,2,NA,NA
LBY,libya,01/01/2016,5,NA,NA
LBY,libya,01/01/2017,1,NA,NA
LBY,libya,01/01/2018,3,NA,NA
LBY,libya,01/01/2019,0,NA,NA
LBY,libya,01/01/2020,0,NA,NA
LCA,saint lucia,01/01/2013,63,5.56,6.651616159
LCA,saint lucia,01/01/2014,135,22.22,24.02377571
LCA,saint lucia,01/01/2015,46,20.431515,20.431515
LCA,saint lucia,01/01/2016,45,27.5174,27.18498029
LCA,saint lucia,01/01/2017,36,49.8547,41.19900714
LCA,saint lucia,01/01/2018,37,9.9528565,18.48491283
LCA,saint lucia,01/01/2019,52,7.285714,14.36696486
LCA,saint lucia,01/01/2020,23,16.31933,79.55480114
LIE,liechtenstein,01/01/2013,0,NA,NA
LIE,liechtenstein,01/01/2014,0,NA,NA
LIE,liechtenstein,01/01/2015,0,NA,NA
LIE,liechtenstein,01/01/2016,5,NA,NA
LIE,liechtenstein,01/01/2017,3,NA,NA
LIE,liechtenstein,01/01/2018,10,10.05357,10.05357
LIE,liechtenstein,01/01/2019,5,NA,NA
LIE,liechtenstein,01/01/2020,1,NA,NA
LKA,sri lanka,01/01/2013,3715,5.56,7.614537617
LKA,sri lanka,01/01/2014,868,10,12.88645104
LKA,sri lanka,01/01/2015,1285,9,15.03914871
LKA,sri lanka,01/01/2016,989,8,11.25155083
LKA,sri lanka,01/01/2017,1580,8.5,11.56094677
LKA,sri lanka,01/01/2018,1481,8.925,12.3730106
LKA,sri lanka,01/01/2019,1713,9.45041,12.24031878
LKA,sri lanka,01/01/2020,888,10,13.27098098
LSO,lesotho,01/01/2013,1,1.44,1.44
LSO,lesotho,01/01/2014,0,NA,NA
LSO,lesotho,01/01/2015,0,NA,NA
LSO,lesotho,01/01/2016,1,NA,NA
LSO,lesotho,01/01/2017,21,5.851983,5.700844214
LSO,lesotho,01/01/2018,7,4.995717,5.511081714
LSO,lesotho,01/01/2019,0,NA,NA
LSO,lesotho,01/01/2020,0,NA,NA
LTU,lithuania,01/01/2013,433,11.11,14.64406588
LTU,lithuania,01/01/2014,91,15,14.61708866
LTU,lithuania,01/01/2015,220,17.085235,19.17898859
LTU,lithuania,01/01/2016,211,14.418325,20.74397918
LTU,lithuania,01/01/2017,466,18.33333,22.13663831
LTU,lithuania,01/01/2018,475,20.037365,25.3475553
LTU,lithuania,01/01/2019,512,22.47323,25.06713268
LTU,lithuania,01/01/2020,252,17.52049,20.84695368
LUX,luxembourg,01/01/2013,32,16.67,13.24689655
LUX,luxembourg,01/01/2014,0,NA,NA
LUX,luxembourg,01/01/2015,31,34.99976,27.21366714
LUX,luxembourg,01/01/2016,43,15.0079,18.39096385
LUX,luxembourg,01/01/2017,83,34.4955,38.07039179
LUX,luxembourg,01/01/2018,102,45.45455,48.26316597
LUX,luxembourg,01/01/2019,65,25.700115,34.62351214
LUX,luxembourg,01/01/2020,35,49.528925,44.04217667
LVA,latvia,01/01/2013,207,16.67,16.81
LVA,latvia,01/01/2014,2,NA,NA
LVA,latvia,01/01/2015,143,15.32375,19.06768743
LVA,latvia,01/01/2016,220,19.142415,20.03787096
LVA,latvia,01/01/2017,374,18.99024,20.95109623
LVA,latvia,01/01/2018,442,20,22.85693418
LVA,latvia,01/01/2019,405,22.30583,23.88451026
LVA,latvia,01/01/2020,189,21.516515,27.35473295
MAC,macao,01/01/2013,1,16.67,16.67
MAC,macao,01/01/2014,0,NA,NA
MAC,macao,01/01/2015,16,16,16
MAC,macao,01/01/2016,8,12.5,12.5
MAC,macao,01/01/2017,14,10.13156,10.13156
MAC,macao,01/01/2018,3,NA,NA
MAC,macao,01/01/2019,15,10,18.039934
MAC,macao,01/01/2020,2,30,30
MAR,morocco,01/01/2013,1321,8,11.10494617
MAR,morocco,01/01/2014,238,7.777091,9.435344417
MAR,morocco,01/01/2015,347,9,72.66844995
MAR,morocco,01/01/2016,424,9.743077,11.89585186
MAR,morocco,01/01/2017,711,9.787381,15.30121398
MAR,morocco,01/01/2018,714,10.9403,15.45883428
MAR,morocco,01/01/2019,818,9.911939,13.26010271
MAR,morocco,01/01/2020,349,10.05409,14.40403508
MCO,monaco,01/01/2013,10,11.11,11.11
MCO,monaco,01/01/2014,17,14.44,14.44
MCO,monaco,01/01/2015,31,12.720435,12.720435
MCO,monaco,01/01/2016,6,18.08446,18.08446
MCO,monaco,01/01/2017,17,19.545,19.18166667
MCO,monaco,01/01/2018,13,NA,NA
MCO,monaco,01/01/2019,7,18.89276,18.89276
MCO,monaco,01/01/2020,12,14.62171,14.62171
MDA,moldova,01/01/2013,464,15.56,17.31983271
MDA,moldova,01/01/2014,111,16.66966,17.69778429
MDA,moldova,01/01/2015,235,12,14.73578001
MDA,moldova,01/01/2016,311,16.24844,18.89143903
MDA,moldova,01/01/2017,601,19.97378,21.7744974
MDA,moldova,01/01/2018,748,19.86473,22.60188059
MDA,moldova,01/01/2019,744,20,23.84522782
MDA,moldova,01/01/2020,330,20,23.26888063
MDG,madagascar,01/01/2013,248,5.56,7.207872342
MDG,madagascar,01/01/2014,61,7.22,9.070743548
MDG,madagascar,01/01/2015,157,5.0007145,9.88067945
MDG,madagascar,01/01/2016,194,7.39,7.971744182
MDG,madagascar,01/01/2017,385,6.25,11.32409084
MDG,madagascar,01/01/2018,445,6.9756575,8.452094181
MDG,madagascar,01/01/2019,417,6.730769,8.735305073
MDG,madagascar,01/01/2020,277,5.989027,7.128931764
MDV,maldives,01/01/2013,21,3,4.453333333
MDV,maldives,01/01/2014,0,NA,NA
MDV,maldives,01/01/2015,0,NA,NA
MDV,maldives,01/01/2016,13,5.0020705,5.827816875
MDV,maldives,01/01/2017,17,7.023137,27.21190467
MDV,maldives,01/01/2018,18,8.006928,8.6949862
MDV,maldives,01/01/2019,18,14.0084145,14.0084145
MDV,maldives,01/01/2020,7,NA,NA
MEX,mexico,01/01/2013,900,11.11,14.38558047
MEX,mexico,01/01/2014,124,13.33,17.29072295
MEX,mexico,01/01/2015,295,13.33034,24.06298716
MEX,mexico,01/01/2016,998,15,18.02310883
MEX,mexico,01/01/2017,2066,14.01502,17.61856321
MEX,mexico,01/01/2018,1866,15.5,19.88002188
MEX,mexico,01/01/2019,2180,15.01634,19.43911066
MEX,mexico,01/01/2020,983,15.41667,20.47570736
MHL,marshall islands,01/01/2013,0,NA,NA
MHL,marshall islands,01/01/2014,0,NA,NA
MHL,marshall islands,01/01/2015,0,NA,NA
MHL,marshall islands,01/01/2016,0,NA,NA
MHL,marshall islands,01/01/2017,0,NA,NA
MHL,marshall islands,01/01/2018,0,NA,NA
MHL,marshall islands,01/01/2019,0,NA,NA
MHL,marshall islands,01/01/2020,1,15,15
MKD,macedonia,01/01/2013,1690,11.11,12.11483545
MKD,macedonia,01/01/2014,483,13.88769,14.1900937
MKD,macedonia,01/01/2015,1002,10.31204,15.33286167
MKD,macedonia,01/01/2016,1350,10.002695,13.77456571
MKD,macedonia,01/01/2017,2662,8.954545,22.0069619
MKD,macedonia,01/01/2018,2660,10,13.61965826
MKD,macedonia,01/01/2019,2443,10.03859,14.82123007
MKD,macedonia,01/01/2020,1104,13.75,16.92618965
MLI,mali,01/01/2013,8,13.33033,13.33033
MLI,mali,01/01/2014,6,13.33054,13.443944
MLI,mali,01/01/2015,8,8.00004,8.937523333
MLI,mali,01/01/2016,5,6.250909,6.250909
MLI,mali,01/01/2017,10,3.75,5.057346
MLI,mali,01/01/2018,0,NA,NA
MLI,mali,01/01/2019,18,3.998547,5.129465
MLI,mali,01/01/2020,4,2.25,2.25
MLT,malta,01/01/2013,33,8.78,13.33060606
MLT,malta,01/01/2014,5,10,10
MLT,malta,01/01/2015,58,18.64855,19.84954252
MLT,malta,01/01/2016,69,29.886365,31.95409182
MLT,malta,01/01/2017,99,19,20.90816683
MLT,malta,01/01/2018,131,30,29.01551915
MLT,malta,01/01/2019,132,20.19588,31.9658177
MLT,malta,01/01/2020,64,31,32.83266957
MMR,myanmar,01/01/2013,7,5,6.667142857
MMR,myanmar,01/01/2014,0,NA,NA
MMR,myanmar,01/01/2015,2,NA,NA
MMR,myanmar,01/01/2016,35,8,8
MMR,myanmar,01/01/2017,68,7.5,7.315271833
MMR,myanmar,01/01/2018,99,14.57377,13.62811153
MMR,myanmar,01/01/2019,148,10,12.00614465
MMR,myanmar,01/01/2020,50,10,14.46583186
MNE,montenegro,01/01/2013,56,12.22,13.29247585
MNE,montenegro,01/01/2014,14,13.329935,12.40748125
MNE,montenegro,01/01/2015,67,10.000455,33.25766245
MNE,montenegro,01/01/2016,146,17.97753,17.98951963
MNE,montenegro,01/01/2017,283,19.80412,19.86746317
MNE,montenegro,01/01/2018,324,24.325245,25.27317432
MNE,montenegro,01/01/2019,299,20.23499,30.58399141
MNE,montenegro,01/01/2020,141,26.49275,35.15959683
MNG,mongolia,01/01/2013,23,15,15.555
MNG,mongolia,01/01/2014,2,7.780011,7.780011
MNG,mongolia,01/01/2015,22,11.664995,12.2583945
MNG,mongolia,01/01/2016,35,9.432758,10.95243533
MNG,mongolia,01/01/2017,47,20,19.1879885
MNG,mongolia,01/01/2018,81,32.96715,29.28244611
MNG,mongolia,01/01/2019,72,13.407685,17.14256
MNG,mongolia,01/01/2020,9,19.97326,19.97326
MNP,northern mariana islands,01/01/2013,2,9.165,9.165
MNP,northern mariana islands,01/01/2014,2,15,15
MNP,northern mariana islands,01/01/2015,0,NA,NA
MNP,northern mariana islands,01/01/2016,0,NA,NA
MNP,northern mariana islands,01/01/2017,0,NA,NA
MNP,northern mariana islands,01/01/2018,0,NA,NA
MNP,northern mariana islands,01/01/2019,0,NA,NA
MNP,northern mariana islands,01/01/2020,0,NA,NA
MOZ,mozambique,01/01/2013,0,NA,NA
MOZ,mozambique,01/01/2014,0,NA,NA
MOZ,mozambique,01/01/2015,4,11.28557,11.28557
MOZ,mozambique,01/01/2016,7,NA,NA
MOZ,mozambique,01/01/2017,23,4.5023095,5.974945167
MOZ,mozambique,01/01/2018,32,4.515306,4.489287667
MOZ,mozambique,01/01/2019,22,4.997819,6.0018806
MOZ,mozambique,01/01/2020,3,18.412015,18.412015
MRT,mauritania,01/01/2013,0,NA,NA
MRT,mauritania,01/01/2014,0,NA,NA
MRT,mauritania,01/01/2015,0,NA,NA
MRT,mauritania,01/01/2016,0,NA,NA
MRT,mauritania,01/01/2017,3,20.83333,20.83333
MRT,mauritania,01/01/2018,2,20.15857,20.15857
MRT,mauritania,01/01/2019,0,NA,NA
MRT,mauritania,01/01/2020,0,NA,NA
MTQ,martinique,01/01/2013,0,NA,NA
MTQ,martinique,01/01/2014,0,NA,NA
MTQ,martinique,01/01/2015,0,NA,NA
MTQ,martinique,01/01/2016,0,NA,NA
MTQ,martinique,01/01/2017,1,NA,NA
MTQ,martinique,01/01/2018,2,40.78675,40.78675
MTQ,martinique,01/01/2019,1,NA,NA
MTQ,martinique,01/01/2020,0,NA,NA
MUS,mauritius,01/01/2013,95,7.78,10.02652174
MUS,mauritius,01/01/2014,9,15,15
MUS,mauritius,01/01/2015,15,22.5,22.21863583
MUS,mauritius,01/01/2016,43,8.3184775,12.5308751
MUS,mauritius,01/01/2017,101,10.92125,13.99021529
MUS,mauritius,01/01/2018,82,9.470559,26.56843013
MUS,mauritius,01/01/2019,84,13.68095,16.17431975
MUS,mauritius,01/01/2020,33,13.655145,12.86504942
MWI,malawi,01/01/2013,4,55.56,55.56
MWI,malawi,01/01/2014,0,NA,NA
MWI,malawi,01/01/2015,0,NA,NA
MWI,malawi,01/01/2016,18,6.6,6.6
MWI,malawi,01/01/2017,30,5.75,5.75
MWI,malawi,01/01/2018,26,9.997068,10.1243255
MWI,malawi,01/01/2019,25,10.97689,11.2087877
MWI,malawi,01/01/2020,24,10.5,11.4960575
MYS,malaysia,01/01/2013,1064,11.11,14.85998759
MYS,malaysia,01/01/2014,149,31.57895,26.71220805
MYS,malaysia,01/01/2015,300,15,22.348614
MYS,malaysia,01/01/2016,887,10.11111,15.91293268
MYS,malaysia,01/01/2017,1391,12.002035,20.07152738
MYS,malaysia,01/01/2018,1408,12.82598,17.45692313
MYS,malaysia,01/01/2019,1197,12.01369,16.49053897
MYS,malaysia,01/01/2020,476,15,19.22520779
NAM,namibia,01/01/2013,13,3.33,7.878181818
NAM,namibia,01/01/2014,0,NA,NA
NAM,namibia,01/01/2015,3,NA,NA
NAM,namibia,01/01/2016,4,3.02381,3.02381
NAM,namibia,01/01/2017,14,6.9971875,7.07532375
NAM,namibia,01/01/2018,20,12.0704845,13.422764
NAM,namibia,01/01/2019,42,13,10.95835825
NAM,namibia,01/01/2020,8,8.9742285,8.9742285
NCL,new caledonia,01/01/2013,1,38.89,38.89
NCL,new caledonia,01/01/2014,0,NA,NA
NCL,new caledonia,01/01/2015,0,NA,NA
NCL,new caledonia,01/01/2016,2,4,4
NCL,new caledonia,01/01/2017,2,NA,NA
NCL,new caledonia,01/01/2018,8,12.580555,12.580555
NCL,new caledonia,01/01/2019,2,NA,NA
NCL,new caledonia,01/01/2020,2,NA,NA
NER,niger,01/01/2013,0,NA,NA
NER,niger,01/01/2014,0,NA,NA
NER,niger,01/01/2015,0,NA,NA
NER,niger,01/01/2016,0,NA,NA
NER,niger,01/01/2017,8,14.91803,14.91803
NER,niger,01/01/2018,0,NA,NA
NER,niger,01/01/2019,0,NA,NA
NER,niger,01/01/2020,0,NA,NA
NGA,nigeria,01/01/2013,220,5.56,11.09716418
NGA,nigeria,01/01/2014,25,4.4457145,5.41035725
NGA,nigeria,01/01/2015,206,6.725,13.57689947
NGA,nigeria,01/01/2016,540,9,11.04591918
NGA,nigeria,01/01/2017,1394,10,16.05527407
NGA,nigeria,01/01/2018,2092,9.996328,12.62123499
NGA,nigeria,01/01/2019,2681,10,12.7326506
NGA,nigeria,01/01/2020,1137,9.938148,12.99154838
NIC,nicaragua,01/01/2013,128,7,10.27542607
NIC,nicaragua,01/01/2014,20,8.889231,17.9130058
NIC,nicaragua,01/01/2015,39,6.670045,10.5404409
NIC,nicaragua,01/01/2016,96,9.129121,12.2636009
NIC,nicaragua,01/01/2017,166,8.25,12.41081828
NIC,nicaragua,01/01/2018,206,8,11.3307734
NIC,nicaragua,01/01/2019,292,7.647059,9.714242771
NIC,nicaragua,01/01/2020,179,7.6563855,9.62120815
NLD,netherlands,01/01/2013,769,14.44,17.10867312
NLD,netherlands,01/01/2014,80,20.82984,22.98615435
NLD,netherlands,01/01/2015,397,27.78,26.96084418
NLD,netherlands,01/01/2016,773,24.63727,29.76017034
NLD,netherlands,01/01/2017,1401,24.92308,26.23350596
NLD,netherlands,01/01/2018,1415,24.99977,32.26237184
NLD,netherlands,01/01/2019,1635,29.28571,33.41737645
NLD,netherlands,01/01/2020,690,26.055195,33.84220463
NOR,norway,01/01/2013,175,20,20.54335423
NOR,norway,01/01/2014,41,11.110195,10.83343
NOR,norway,01/01/2015,144,20,31.82913268
NOR,norway,01/01/2016,331,20.021505,22.82924687
NOR,norway,01/01/2017,546,20,25.72759323
NOR,norway,01/01/2018,683,20.21212,27.41736595
NOR,norway,01/01/2019,834,25,29.08049723
NOR,norway,01/01/2020,361,24.79206,33.23843305
NPL,nepal,01/01/2013,1293,11.11,12.91115885
NPL,nepal,01/01/2014,206,11.16746,14.12576278
NPL,nepal,01/01/2015,580,10.143855,13.98107902
NPL,nepal,01/01/2016,584,13.0432,15.20728385
NPL,nepal,01/01/2017,854,13.357715,14.36577553
NPL,nepal,01/01/2018,819,12,15.43928603
NPL,nepal,01/01/2019,864,12,15.5753173
NPL,nepal,01/01/2020,467,13.05285,17.81690556
NZL,new zealand,01/01/2013,387,18,21.70088188
NZL,new zealand,01/01/2014,124,16.67127,18.00080971
NZL,new zealand,01/01/2015,190,20.001515,22.05662096
NZL,new zealand,01/01/2016,533,21.82885,23.79091563
NZL,new zealand,01/01/2017,1051,20.18657,53.08779944
NZL,new zealand,01/01/2018,845,25,31.50352156
NZL,new zealand,01/01/2019,753,25.005995,31.54316406
NZL,new zealand,01/01/2020,417,30.037595,38.77145009
OMN,oman,01/01/2013,118,10,9.806190171
OMN,oman,01/01/2014,2,11.2301145,11.2301145
OMN,oman,01/01/2015,0,NA,NA
OMN,oman,01/01/2016,41,8.994233,11.50576608
OMN,oman,01/01/2017,56,9.25,9.705688714
OMN,oman,01/01/2018,24,9.26807,10.1757057
OMN,oman,01/01/2019,83,8,10.39293005
OMN,oman,01/01/2020,34,7,12.84488955
PAK,pakistan,01/01/2013,31237,6.67,9.15858184
PAK,pakistan,01/01/2014,7728,8.8905165,12.55612644
PAK,pakistan,01/01/2015,10624,9.860742,22.30947304
PAK,pakistan,01/01/2016,11061,8,11.806291
PAK,pakistan,01/01/2017,17393,7.962394,12.2976685
PAK,pakistan,01/01/2018,19147,7.194167,11.38559958
PAK,pakistan,01/01/2019,27910,6.99,10.81928134
PAK,pakistan,01/01/2020,14615,7.4068965,12.52115398
PAN,panama,01/01/2013,72,11.11,14.72274194
PAN,panama,01/01/2014,2,13.32991,13.32991
PAN,panama,01/01/2015,106,11.10984,10.37420181
PAN,panama,01/01/2016,78,13.65003,23.53417786
PAN,panama,01/01/2017,131,11.558935,25.96497516
PAN,panama,01/01/2018,145,15.80102,25.60918863
PAN,panama,01/01/2019,107,12.12121,27.35328951
PAN,panama,01/01/2020,58,13.51444,14.79558164
PER,peru,01/01/2013,232,12.22,14.76054455
PER,peru,01/01/2014,54,11.11002,124.6046747
PER,peru,01/01/2015,41,19.998825,146.4258439
PER,peru,01/01/2016,223,13.92135,16.96650323
PER,peru,01/01/2017,369,14.90381,17.43143809
PER,peru,01/01/2018,458,15.02276,25.36265758
PER,peru,01/01/2019,494,13.535,16.48342374
PER,peru,01/01/2020,218,16.739355,20.23406947
PHL,philippines,01/01/2013,71976,3.89,5.769851603
PHL,philippines,01/01/2014,8542,5.736667,10.30318759
PHL,philippines,01/01/2015,11725,5.56,9.869237377
PHL,philippines,01/01/2016,16147,5.010929,7.417476489
PHL,philippines,01/01/2017,28217,5.021169,7.165861187
PHL,philippines,01/01/2018,29981,5.933333,8.827921783
PHL,philippines,01/01/2019,30468,5.9978675,7.830514834
PHL,philippines,01/01/2020,14371,6.079721,8.17716845
PLW,palau,01/01/2013,0,NA,NA
PLW,palau,01/01/2014,0,NA,NA
PLW,palau,01/01/2015,0,NA,NA
PLW,palau,01/01/2016,0,NA,NA
PLW,palau,01/01/2017,0,NA,NA
PLW,palau,01/01/2018,2,3,3
PLW,palau,01/01/2019,0,NA,NA
PLW,palau,01/01/2020,0,NA,NA
PNG,papua new guinea,01/01/2013,5,2.22,2.22
PNG,papua new guinea,01/01/2014,0,NA,NA
PNG,papua new guinea,01/01/2015,0,NA,NA
PNG,papua new guinea,01/01/2016,0,NA,NA
PNG,papua new guinea,01/01/2017,10,20,20
PNG,papua new guinea,01/01/2018,15,20,26.67073667
PNG,papua new guinea,01/01/2019,21,9.93717,65.13592333
PNG,papua new guinea,01/01/2020,7,34.852941,34.852941
POL,poland,01/01/2013,1853,20,20.53760955
POL,poland,01/01/2014,306,30,67.28526009
POL,poland,01/01/2015,622,25,30.5577448
POL,poland,01/01/2016,922,21.9689,27.41329986
POL,poland,01/01/2017,1752,20,24.64121561
POL,poland,01/01/2018,1818,24.968945,29.14766627
POL,poland,01/01/2019,2158,22.45509,26.01088089
POL,poland,01/01/2020,1126,24.99509,35.49371568
PRI,puerto rico,01/01/2013,53,9,11.09095356
PRI,puerto rico,01/01/2014,11,9,13.98166667
PRI,puerto rico,01/01/2015,19,15,74.11748473
PRI,puerto rico,01/01/2016,39,14.245165,16.68240892
PRI,puerto rico,01/01/2017,52,20.142855,27.504625
PRI,puerto rico,01/01/2018,42,10.31897,19.42260379
PRI,puerto rico,01/01/2019,47,18,21.86450365
PRI,puerto rico,01/01/2020,20,16.77677,35.21214167
PRT,portugal,01/01/2013,1004,11.11,14.31329976
PRT,portugal,01/01/2014,204,12.21998,13.14550513
PRT,portugal,01/01/2015,424,13.33032,16.09314567
PRT,portugal,01/01/2016,673,15,20.0528374
PRT,portugal,01/01/2017,1302,15,21.55158758
PRT,portugal,01/01/2018,1360,17.11792,21.28949011
PRT,portugal,01/01/2019,1438,19.9,26.31544827
PRT,portugal,01/01/2020,712,17.00621,23.59374555
PRY,paraguay,01/01/2013,22,18,22.03142857
PRY,paraguay,01/01/2014,1,20.48193,20.48193
PRY,paraguay,01/01/2015,0,NA,NA
PRY,paraguay,01/01/2016,17,17.3807145,18.96952475
PRY,paraguay,01/01/2017,42,24.93162,25.78009636
PRY,paraguay,01/01/2018,33,38.5,32.34154667
PRY,paraguay,01/01/2019,48,20,26.69624855
PRY,paraguay,01/01/2020,14,15,16.2105358
PSE,palestine,01/01/2013,4,14.44,11.385
PSE,palestine,01/01/2014,0,NA,NA
PSE,palestine,01/01/2015,0,NA,NA
PSE,palestine,01/01/2016,0,NA,NA
PSE,palestine,01/01/2017,0,NA,NA
PSE,palestine,01/01/2018,1,5.996759,5.996759
PSE,palestine,01/01/2019,1,NA,NA
PSE,palestine,01/01/2020,0,NA,NA
PSE,palestinian territories,01/01/2013,102,10,11.45030227
PSE,palestinian territories,01/01/2014,63,14.3043,15.04680983
PSE,palestinian territories,01/01/2015,239,12,14.60366164
PSE,palestinian territories,01/01/2016,292,15,19.63086336
PSE,palestinian territories,01/01/2017,415,15.0079,19.05355323
PSE,palestinian territories,01/01/2018,596,15.09079,20.24238262
PSE,palestinian territories,01/01/2019,899,15,18.96274338
PSE,palestinian territories,01/01/2020,371,18.75,23.57720436
PYF,french polynesia,01/01/2013,3,33.33,28.88666667
PYF,french polynesia,01/01/2014,0,NA,NA
PYF,french polynesia,01/01/2015,0,NA,NA
PYF,french polynesia,01/01/2016,3,NA,NA
PYF,french polynesia,01/01/2017,0,NA,NA
PYF,french polynesia,01/01/2018,5,11.04156,11.04156
PYF,french polynesia,01/01/2019,8,16.5081965,16.5081965
PYF,french polynesia,01/01/2020,7,30,30.24303
QAT,qatar,01/01/2013,98,5.56,8.348452381
QAT,qatar,01/01/2014,17,4.44,4.44
QAT,qatar,01/01/2015,22,16.00008,18.11449115
QAT,qatar,01/01/2016,55,5.0897435,14.38621833
QAT,qatar,01/01/2017,66,5.503003,13.37299271
QAT,qatar,01/01/2018,90,10,11.5529571
QAT,qatar,01/01/2019,94,6.780773,12.21976033
QAT,qatar,01/01/2020,69,10,17.00237711
REU,reunion,01/01/2013,4,11.11,13.8875
REU,reunion,01/01/2014,0,NA,NA
REU,reunion,01/01/2015,0,NA,NA
REU,reunion,01/01/2016,5,NA,NA
REU,reunion,01/01/2017,12,31.28228,31.76066667
REU,reunion,01/01/2018,9,14.64488,12.94183825
REU,reunion,01/01/2019,3,45.39474,36.66481667
REU,reunion,01/01/2020,4,6.239521,6.239521
ROU,romania,01/01/2013,4672,11.11,12.32546505
ROU,romania,01/01/2014,989,15,16.40989434
ROU,romania,01/01/2015,1909,16,20.50491257
ROU,romania,01/01/2016,2485,16.73494,18.80678025
ROU,romania,01/01/2017,3873,16.91327,41.42855938
ROU,romania,01/01/2018,3790,19.28571,21.62708712
ROU,romania,01/01/2019,3525,20,25.18381725
ROU,romania,01/01/2020,1610,20.09543,24.16950892
RUS,russia,01/01/2013,4374,20,21.58833046
RUS,russia,01/01/2014,1033,24.440025,61.67101567
RUS,russia,01/01/2015,2924,20,25.37539923
RUS,russia,01/01/2016,4933,21.98514,24.3373475
RUS,russia,01/01/2017,7663,24.25331,27.07469129
RUS,russia,01/01/2018,7708,24.890095,26.62782672
RUS,russia,01/01/2019,8063,25,27.45908901
RUS,russia,01/01/2020,3486,25.617885,30.06908271
RWA,rwanda,01/01/2013,1,15,15
RWA,rwanda,01/01/2014,0,NA,NA
RWA,rwanda,01/01/2015,0,NA,NA
RWA,rwanda,01/01/2016,4,NA,NA
RWA,rwanda,01/01/2017,8,8.003398,8.608975667
RWA,rwanda,01/01/2018,5,4.98303,4.98303
RWA,rwanda,01/01/2019,17,7.5,10.83333333
RWA,rwanda,01/01/2020,6,10.20408,8.795767667
SAU,saudi arabia,01/01/2013,184,10,11.56944099
SAU,saudi arabia,01/01/2014,21,16.67005,17.779012
SAU,saudi arabia,01/01/2015,39,11.110405,16.29152306
SAU,saudi arabia,01/01/2016,109,12.850335,21.10178743
SAU,saudi arabia,01/01/2017,290,10,13.2266887
SAU,saudi arabia,01/01/2018,276,9.972671,13.32515579
SAU,saudi arabia,01/01/2019,283,12.37765,15.44340483
SAU,saudi arabia,01/01/2020,131,20.02102,23.3719633
SEN,senegal,01/01/2013,23,7.78,7.301904762
SEN,senegal,01/01/2014,0,NA,NA
SEN,senegal,01/01/2015,14,4.44,5.9320512
SEN,senegal,01/01/2016,7,4.2198385,4.2198385
SEN,senegal,01/01/2017,11,20.611585,19.6807925
SEN,senegal,01/01/2018,17,8.917593,13.167129
SEN,senegal,01/01/2019,49,10,27.3005239
SEN,senegal,01/01/2020,17,6.9603915,7.6078715
SGP,singapore,01/01/2013,440,11.11,14.82672294
SGP,singapore,01/01/2014,39,14.60545,14.965204
SGP,singapore,01/01/2015,178,16.094935,22.34571654
SGP,singapore,01/01/2016,373,17.18,20.36825711
SGP,singapore,01/01/2017,752,18.755655,30.28410429
SGP,singapore,01/01/2018,621,24.9175,27.91726068
SGP,singapore,01/01/2019,591,25.16019,29.35117564
SGP,singapore,01/01/2020,222,26,34.50507888
SLE,sierra leone,01/01/2013,8,7.78,7.093333333
SLE,sierra leone,01/01/2014,0,NA,NA
SLE,sierra leone,01/01/2015,0,NA,NA
SLE,sierra leone,01/01/2016,2,NA,NA
SLE,sierra leone,01/01/2017,10,NA,NA
SLE,sierra leone,01/01/2018,5,NA,NA
SLE,sierra leone,01/01/2019,10,4,7.666666667
SLE,sierra leone,01/01/2020,5,NA,NA
SLV,el salvador,01/01/2013,271,9.99,11.48748221
SLV,el salvador,01/01/2014,45,26,23.16005228
SLV,el salvador,01/01/2015,71,26,23.9083262
SLV,el salvador,01/01/2016,144,12.31579,15.68993981
SLV,el salvador,01/01/2017,305,11.99755,14.48959366
SLV,el salvador,01/01/2018,248,12.30769,15.82989664
SLV,el salvador,01/01/2019,316,9.7637095,13.84763083
SLV,el salvador,01/01/2020,107,8.566275,11.70307926
SMR,san marino,01/01/2013,0,NA,NA
SMR,san marino,01/01/2014,0,NA,NA
SMR,san marino,01/01/2015,0,NA,NA
SMR,san marino,01/01/2016,4,NA,NA
SMR,san marino,01/01/2017,11,6.258258,13.65145933
SMR,san marino,01/01/2018,15,NA,NA
SMR,san marino,01/01/2019,1,3.998776,3.998776
SMR,san marino,01/01/2020,0,NA,NA
SOM,somalia,01/01/2013,16,11.11,11.11
SOM,somalia,01/01/2014,0,NA,NA
SOM,somalia,01/01/2015,0,NA,NA
SOM,somalia,01/01/2016,18,19.94017,16.450099
SOM,somalia,01/01/2017,35,28.91445,28.91445
SOM,somalia,01/01/2018,19,6.625,7.8125
SOM,somalia,01/01/2019,55,10,12.95938
SOM,somalia,01/01/2020,21,NA,NA
SRB,serbia,01/01/2013,3039,10,11.43380332
SRB,serbia,01/01/2014,1139,11.11008,14.59526048
SRB,serbia,01/01/2015,3193,12,14.08374148
SRB,serbia,01/01/2016,4503,12.12106,16.00885955
SRB,serbia,01/01/2017,8155,12.21219,15.14263121
SRB,serbia,01/01/2018,8581,13.96113,17.68817949
SRB,serbia,01/01/2019,8740,15,18.65200124
SRB,serbia,01/01/2020,3685,17.64747,22.06965324
SUR,suriname,01/01/2013,6,7.72,7.665
SUR,suriname,01/01/2014,0,NA,NA
SUR,suriname,01/01/2015,0,NA,NA
SUR,suriname,01/01/2016,13,5.5320515,8.2553595
SUR,suriname,01/01/2017,35,7.017206,7.454973563
SUR,suriname,01/01/2018,28,6.122915,6.678041375
SUR,suriname,01/01/2019,47,10,11.49291507
SUR,suriname,01/01/2020,18,12,12.02662986
SVK,slovakia,01/01/2013,152,11.131865,14.33465146
SVK,slovakia,01/01/2014,39,14.44,37.55553556
SVK,slovakia,01/01/2015,149,25.89853,23.77727366
SVK,slovakia,01/01/2016,174,12.388235,18.83896588
SVK,slovakia,01/01/2017,361,18.27273,22.21869806
SVK,slovakia,01/01/2018,324,20.792695,25.43912105
SVK,slovakia,01/01/2019,343,20,24.21296
SVK,slovakia,01/01/2020,171,17.52457,21.98466647
SVN,slovenia,01/01/2013,201,12,15.26706592
SVN,slovenia,01/01/2014,112,13,14.54129107
SVN,slovenia,01/01/2015,132,15.11012,16.60256782
SVN,slovenia,01/01/2016,198,20.01025,24.82769136
SVN,slovenia,01/01/2017,367,19.8676,23.26358686
SVN,slovenia,01/01/2018,343,25,29.10687557
SVN,slovenia,01/01/2019,369,24.986755,32.40898157
SVN,slovenia,01/01/2020,126,27.02647,32.553084
SWE,sweden,01/01/2013,550,16.67,19.56412903
SWE,sweden,01/01/2014,57,27.49875,23.29567857
SWE,sweden,01/01/2015,223,33.33,44.23128471
SWE,sweden,01/01/2016,389,18.75,21.58911198
SWE,sweden,01/01/2017,783,22,28.70947375
SWE,sweden,01/01/2018,924,24.977205,30.29829533
SWE,sweden,01/01/2019,1132,20.08302,25.54592654
SWE,sweden,01/01/2020,449,25,30.63928535
SWZ,swaziland,01/01/2013,1,2,2
SWZ,swaziland,01/01/2014,0,NA,NA
SWZ,swaziland,01/01/2015,6,5.175882,5.411035667
SWZ,swaziland,01/01/2016,1,NA,NA
SWZ,swaziland,01/01/2017,4,NA,NA
SWZ,swaziland,01/01/2018,2,NA,NA
SWZ,swaziland,01/01/2019,3,8.7081425,8.7081425
SWZ,swaziland,01/01/2020,2,4,4
SYC,seychelles,01/01/2013,7,33.33,34.442
SYC,seychelles,01/01/2014,0,NA,NA
SYC,seychelles,01/01/2015,3,NA,NA
SYC,seychelles,01/01/2016,5,14.01381,14.01381
SYC,seychelles,01/01/2017,12,12.4475505,12.4475505
SYC,seychelles,01/01/2018,3,14.01767,14.01767
SYC,seychelles,01/01/2019,0,NA,NA
SYC,seychelles,01/01/2020,0,NA,NA
TCA,turks and caicos islands,01/01/2013,0,NA,NA
TCA,turks and caicos islands,01/01/2014,0,NA,NA
TCA,turks and caicos islands,01/01/2015,0,NA,NA
TCA,turks and caicos islands,01/01/2016,1,NA,NA
TCA,turks and caicos islands,01/01/2017,0,NA,NA
TCA,turks and caicos islands,01/01/2018,0,NA,NA
TCA,turks and caicos islands,01/01/2019,0,NA,NA
TCA,turks and caicos islands,01/01/2020,1,NA,NA
TCD,chad,01/01/2013,0,NA,NA
TCD,chad,01/01/2014,0,NA,NA
TCD,chad,01/01/2015,0,NA,NA
TCD,chad,01/01/2016,1,4,4
TCD,chad,01/01/2017,4,NA,NA
TCD,chad,01/01/2018,2,6,6
TCD,chad,01/01/2019,0,NA,NA
TCD,chad,01/01/2020,0,NA,NA
TGO,togo,01/01/2013,2,16.67,16.67
TGO,togo,01/01/2014,0,NA,NA
TGO,togo,01/01/2015,0,NA,NA
TGO,togo,01/01/2016,6,NA,NA
TGO,togo,01/01/2017,8,NA,NA
TGO,togo,01/01/2018,5,4,4
TGO,togo,01/01/2019,3,6.148058,6.148058
TGO,togo,01/01/2020,1,15,15
THA,thailand,01/01/2013,641,12.22,15.13590559
THA,thailand,01/01/2014,109,11.11,11.81950144
THA,thailand,01/01/2015,233,12.681885,16.96424284
THA,thailand,01/01/2016,704,17.75,25.72002087
THA,thailand,01/01/2017,1282,15,27.47040424
THA,thailand,01/01/2018,1161,15,24.19553408
THA,thailand,01/01/2019,1245,17.39604,23.43507973
THA,thailand,01/01/2020,561,20.03484,29.87459625
TJK,tajikistan,01/01/2013,4,8.89,9.9725
TJK,tajikistan,01/01/2014,2,22.390715,22.390715
TJK,tajikistan,01/01/2015,6,21.00009,20.08339
TJK,tajikistan,01/01/2016,8,32.193,30.2256575
TJK,tajikistan,01/01/2017,15,19,19
TJK,tajikistan,01/01/2018,21,17.552125,17.552125
TJK,tajikistan,01/01/2019,40,15.11628,15.7120194
TJK,tajikistan,01/01/2020,26,8.9642855,13.98883133
TKM,turkmenistan,01/01/2013,5,7.78,10.8349775
TKM,turkmenistan,01/01/2014,4,20.00026,20.00026
TKM,turkmenistan,01/01/2015,2,25.99972,25.99972
TKM,turkmenistan,01/01/2016,1,NA,NA
TKM,turkmenistan,01/01/2017,4,71.86667,71.86667
TKM,turkmenistan,01/01/2018,4,3,3
TKM,turkmenistan,01/01/2019,10,NA,NA
TKM,turkmenistan,01/01/2020,6,NA,NA
TLS,timor-leste,01/01/2013,0,NA,NA
TLS,timor-leste,01/01/2014,0,NA,NA
TLS,timor-leste,01/01/2015,0,NA,NA
TLS,timor-leste,01/01/2016,1,NA,NA
TLS,timor-leste,01/01/2017,1,NA,NA
TLS,timor-leste,01/01/2018,2,NA,NA
TLS,timor-leste,01/01/2019,5,NA,NA
TLS,timor-leste,01/01/2020,1,20.0625,20.0625
TTO,trinidad and tobago,01/01/2013,118,5.56,7.393106796
TTO,trinidad and tobago,01/01/2014,0,NA,NA
TTO,trinidad and tobago,01/01/2015,9,9.000455,9.000455
TTO,trinidad and tobago,01/01/2016,71,11.25,18.1779115
TTO,trinidad and tobago,01/01/2017,68,6.997907,8.811947789
TTO,trinidad and tobago,01/01/2018,84,15.03906,16.943347
TTO,trinidad and tobago,01/01/2019,81,15,18.58847696
TTO,trinidad and tobago,01/01/2020,24,19.75333,23.93624771
TUN,tunisia,01/01/2013,1697,6.7,9.668568135
TUN,tunisia,01/01/2014,336,10,22.67047051
TUN,tunisia,01/01/2015,394,10,16.28966002
TUN,tunisia,01/01/2016,347,10.03614,13.72785764
TUN,tunisia,01/01/2017,593,10,28.14183116
TUN,tunisia,01/01/2018,514,12.46154,15.95634317
TUN,tunisia,01/01/2019,630,10.99065,17.47042846
TUN,tunisia,01/01/2020,361,14.9,17.74326415
TUR,turkey,01/01/2013,612,11.11,13.49883607
TUR,turkey,01/01/2014,291,15,14.97493706
TUR,turkey,01/01/2015,402,15.576925,19.23120037
TUR,turkey,01/01/2016,642,18,20.53618744
TUR,turkey,01/01/2017,1335,18.07229,27.81609011
TUR,turkey,01/01/2018,1440,20,24.56659384
TUR,turkey,01/01/2019,1921,17.990535,23.86006718
TUR,turkey,01/01/2020,911,20,25.76183266
TWN,taiwan,01/01/2013,180,15,16.93490807
TWN,taiwan,01/01/2014,68,16.66998,15.53436733
TWN,taiwan,01/01/2015,91,19.99923,21.47106892
TWN,taiwan,01/01/2016,106,14.49606,14.98907392
TWN,taiwan,01/01/2017,272,15,17.27051053
TWN,taiwan,01/01/2018,316,18.004935,18.52699847
TWN,taiwan,01/01/2019,318,20,21.97088449
TWN,taiwan,01/01/2020,165,14.91379,18.13527933
TZA,tanzania,01/01/2013,11,5.78,9.451
TZA,tanzania,01/01/2014,2,5.031075,5.031075
TZA,tanzania,01/01/2015,5,5,5.000075667
TZA,tanzania,01/01/2016,10,7.062049,7.062049
TZA,tanzania,01/01/2017,49,9.0394735,11.37297892
TZA,tanzania,01/01/2018,40,10.861525,11.0212255
TZA,tanzania,01/01/2019,67,10.167,11.76704625
TZA,tanzania,01/01/2020,35,15.035715,32.89270025
UGA,uganda,01/01/2013,132,3.33,7.537060645
UGA,uganda,01/01/2014,1,6.051,6.051
UGA,uganda,01/01/2015,26,4.19,5.5674725
UGA,uganda,01/01/2016,74,7.3885775,11.34917595
UGA,uganda,01/01/2017,111,6.285413,21.93592624
UGA,uganda,01/01/2018,103,7.5,11.15096576
UGA,uganda,01/01/2019,145,9.9557335,603.2973642
UGA,uganda,01/01/2020,66,7.653409,13.28730153
UKR,ukraine,01/01/2013,8051,16.67,18.17131399
UKR,ukraine,01/01/2014,2228,16.67093,21.74137515
UKR,ukraine,01/01/2015,5975,15,17.99315853
UKR,ukraine,01/01/2016,9770,16.037075,22.51499531
UKR,ukraine,01/01/2017,18304,19,21.11715203
UKR,ukraine,01/01/2018,19071,19.98321,22.57377107
UKR,ukraine,01/01/2019,19066,20.10106,23.67308925
UKR,ukraine,01/01/2020,9176,23.222965,25.72407767
UMI,united states minor outlying islands,01/01/2013,0,NA,NA
UMI,united states minor outlying islands,01/01/2014,0,NA,NA
UMI,united states minor outlying islands,01/01/2015,0,NA,NA
UMI,united states minor outlying islands,01/01/2016,0,NA,NA
UMI,united states minor outlying islands,01/01/2017,4,25.02827,25.02827
UMI,united states minor outlying islands,01/01/2018,0,NA,NA
UMI,united states minor outlying islands,01/01/2019,0,NA,NA
UMI,united states minor outlying islands,01/01/2020,0,NA,NA
URY,uruguay,01/01/2013,282,12,14.66763979
URY,uruguay,01/01/2014,46,22.220095,27.809755
URY,uruguay,01/01/2015,103,22.109475,30.96139739
URY,uruguay,01/01/2016,168,20.88691,21.56183486
URY,uruguay,01/01/2017,357,18,23.25770514
URY,uruguay,01/01/2018,348,20,23.56839514
URY,uruguay,01/01/2019,390,20.03004,27.01171212
URY,uruguay,01/01/2020,182,28.73673,28.42612946
USA,united states,01/01/2013,36978,16.67,20.42294973
USA,united states,01/01/2014,3717,24,39.61519597
USA,united states,01/01/2015,9279,22.220125,37.72898769
USA,united states,01/01/2016,32766,24.979375,31.68951423
USA,united states,01/01/2017,49043,28,52.11006253
USA,united states,01/01/2018,28853,30.15877,41.25470474
USA,united states,01/01/2019,26502,34.8209,48.01178409
USA,united states,01/01/2020,12251,40.05579,52.29266414
UZB,uzbekistan,01/01/2013,90,11.11,14.32367089
UZB,uzbekistan,01/01/2014,24,7,17.41492
UZB,uzbekistan,01/01/2015,38,10,11.22142809
UZB,uzbekistan,01/01/2016,58,17,16.80615515
UZB,uzbekistan,01/01/2017,134,16.875,18.24357982
UZB,uzbekistan,01/01/2018,165,21.14245,17.47761
UZB,uzbekistan,01/01/2019,236,16.10604,19.01904164
UZB,uzbekistan,01/01/2020,143,12.5,17.939499
VAT,holy see,01/01/2013,0,NA,NA
VAT,holy see,01/01/2014,0,NA,NA
VAT,holy see,01/01/2015,0,NA,NA
VAT,holy see,01/01/2016,0,NA,NA
VAT,holy see,01/01/2017,0,NA,NA
VAT,holy see,01/01/2018,1,4.012788,4.012788
VAT,holy see,01/01/2019,0,NA,NA
VAT,holy see,01/01/2020,0,NA,NA
VCT,saint vincent and the grenadines,01/01/2013,8,1,1.018333333
VCT,saint vincent and the grenadines,01/01/2014,0,NA,NA
VCT,saint vincent and the grenadines,01/01/2015,0,NA,NA
VCT,saint vincent and the grenadines,01/01/2016,6,5.97995,5.97995
VCT,saint vincent and the grenadines,01/01/2017,26,5.4622165,7.861026375
VCT,saint vincent and the grenadines,01/01/2018,31,20.02556,20.50500922
VCT,saint vincent and the grenadines,01/01/2019,21,12,16.706526
VCT,saint vincent and the grenadines,01/01/2020,2,19.70772,19.70772
VEN,venezuela,01/01/2013,350,10,11.2097388
VEN,venezuela,01/01/2014,70,17.500065,16.94643118
VEN,venezuela,01/01/2015,423,7.740632,10.61973848
VEN,venezuela,01/01/2016,791,6,8.839066036
VEN,venezuela,01/01/2017,2079,6.04146,10.71530231
VEN,venezuela,01/01/2018,2453,7.184102,10.68162901
VEN,venezuela,01/01/2019,2496,8.16,11.15736291
VEN,venezuela,01/01/2020,1204,9.6439835,13.00234009
VGB,british virgin islands,01/01/2013,0,NA,NA
VGB,british virgin islands,01/01/2014,0,NA,NA
VGB,british virgin islands,01/01/2015,0,NA,NA
VGB,british virgin islands,01/01/2016,19,NA,NA
VGB,british virgin islands,01/01/2017,40,4.924091,6.957363
VGB,british virgin islands,01/01/2018,14,23.48896,22.81917
VGB,british virgin islands,01/01/2019,19,12.42366,11.72731333
VGB,british virgin islands,01/01/2020,14,12.2591665,12.2591665
VIR,united states virgin islands,01/01/2013,0,NA,NA
VIR,united states virgin islands,01/01/2014,0,NA,NA
VIR,united states virgin islands,01/01/2015,1,NA,NA
VIR,united states virgin islands,01/01/2016,10,95.13734,95.13734
VIR,united states virgin islands,01/01/2017,63,27.4977,27.4977
VIR,united states virgin islands,01/01/2018,36,28,27.427296
VIR,united states virgin islands,01/01/2019,14,30,30
VIR,united states virgin islands,01/01/2020,0,NA,NA
VNM,vietnam,01/01/2013,2240,13.33,13.49307213
VNM,vietnam,01/01/2014,576,13.87745,104.5624376
VNM,vietnam,01/01/2015,717,16.31593,17.95073504
VNM,vietnam,01/01/2016,1034,13.902445,15.98720762
VNM,vietnam,01/01/2017,1960,14.936305,16.50361834
VNM,vietnam,01/01/2018,1813,15.043365,18.68733637
VNM,vietnam,01/01/2019,2237,15.00639,18.22105256
VNM,vietnam,01/01/2020,1061,15.66667,22.15251042
WSM,samoa,01/01/2013,0,NA,NA
WSM,samoa,01/01/2014,0,NA,NA
WSM,samoa,01/01/2015,0,NA,NA
WSM,samoa,01/01/2016,0,NA,NA
WSM,samoa,01/01/2017,1,NA,NA
WSM,samoa,01/01/2018,0,NA,NA
WSM,samoa,01/01/2019,0,NA,NA
WSM,samoa,01/01/2020,0,NA,NA
YEM,yemen,01/01/2013,30,5.56,7.698965517
YEM,yemen,01/01/2014,0,NA,NA
YEM,yemen,01/01/2015,0,NA,NA
YEM,yemen,01/01/2016,9,49.97451,49.97323333
YEM,yemen,01/01/2017,14,7.6985313,7.6985313
YEM,yemen,01/01/2018,5,NA,NA
YEM,yemen,01/01/2019,5,NA,NA
YEM,yemen,01/01/2020,2,NA,NA
ZAF,south africa,01/01/2013,939,13.33,16.18298128
ZAF,south africa,01/01/2014,212,15,21.93943916
ZAF,south africa,01/01/2015,384,15,20.31830858
ZAF,south africa,01/01/2016,1154,14.99118,17.95082987
ZAF,south africa,01/01/2017,2034,20,22.2748269
ZAF,south africa,01/01/2018,2036,20,23.75759368
ZAF,south africa,01/01/2019,2182,20.0075,24.55039043
ZAF,south africa,01/01/2020,962,20,25.46734206
ZMB,zambia,01/01/2013,13,11.11,13.29
ZMB,zambia,01/01/2014,0,NA,NA
ZMB,zambia,01/01/2015,14,4.924012,4.924012
ZMB,zambia,01/01/2016,22,6.440042,6.440042
ZMB,zambia,01/01/2017,28,10,10
ZMB,zambia,01/01/2018,23,14.04054,14.655393
ZMB,zambia,01/01/2019,32,12.583065,11.239607
ZMB,zambia,01/01/2020,15,12.5,11
ZWE,zimbabwe,01/01/2013,3,7.78,7.78
ZWE,zimbabwe,01/01/2014,14,15.83504,18.1949475
ZWE,zimbabwe,01/01/2015,5,5.89948,5.765564333
ZWE,zimbabwe,01/01/2016,14,NA,NA
ZWE,zimbabwe,01/01/2017,19,4.998427,4.998427
ZWE,zimbabwe,01/01/2018,16,13.97006,21.04275657
ZWE,zimbabwe,01/01/2019,18,7.6553525,7.588208625
ZWE,zimbabwe,01/01/2020,12,9.1716815,9.838740833
NA,bonaire,01/01/2013,0,NA,NA
NA,bonaire,01/01/2014,0,NA,NA
NA,bonaire,01/01/2015,0,NA,NA
NA,bonaire,01/01/2016,0,NA,NA
NA,bonaire,01/01/2017,1,NA,NA
NA,bonaire,01/01/2018,2,NA,NA
NA,bonaire,01/01/2019,0,NA,NA
NA,bonaire,01/01/2020,0,NA,NA
NA,micronesia,01/01/2013,0,NA,NA
NA,micronesia,01/01/2014,0,NA,NA
NA,micronesia,01/01/2015,10,12.1153845,12.1153845
NA,micronesia,01/01/2016,1,20,20
NA,micronesia,01/01/2017,1,44.17486,44.17486
NA,micronesia,01/01/2018,3,25.02402,28.34134
NA,micronesia,01/01/2019,1,NA,NA
NA,micronesia,01/01/2020,2,NA,NA
NA,netherlands antilles,01/01/2013,3,11.335,11.335
NA,netherlands antilles,01/01/2014,0,NA,NA
NA,netherlands antilles,01/01/2015,0,NA,NA
NA,netherlands antilles,01/01/2016,8,5.028966,5.028966
NA,netherlands antilles,01/01/2017,5,21.50469,21.5875775
NA,netherlands antilles,01/01/2018,2,24.669065,24.669065
NA,netherlands antilles,01/01/2019,3,NA,NA
NA,netherlands antilles,01/01/2020,2,25,25